BSNL SSA,DISTRICT,LOCATION,PS/HO,PHASE,Router,VoIP,Video Conference,Primary Link,Secondary Link,DATE,Landline No.,STATUS,USER-ID,STATIC-IP,
DHN,Bokaro,B.T.P.S,PS,2,1900,No,Yes,VPNoBB,VPNODongal-JIO,27-04-13,06549-2266101,Commissioned,dhn_65492266101@jkd.cctns.in,10.17.150.49,
DHN,Bokaro,Petarwar ,PS,2,1900,No,No,VPNoBB,VPNODongal-JIO,14-04-13,06549-265100,Commissioned,dhn_6542265100@jkd.cctns.in,10.17.150.41,
DHN,Bokaro,Kasmar ,PS,2,1900,No,Yes,VPNoBB,VPNODongal-JIO,14-04-13,06542-263040,Commissioned,dhn_6542263040@jkd.cctns.in,10.17.150.40,
DHN,Bokaro,Chandankiyari  ,PS,2,1900,No,Yes,VPNoBB,VPNODongal-JIO,04-10-13,06542-230700,Commissioned,dhn_6542230700@jkd.cctns.in,10.17.150.39,
DHN,Bokaro,Jaridih,PS,2,1900,No,No,VPNoBB,VPNODongal-JIO,15-04-13,06542-250100,Commissioned,dhn_6542250100@jkd.cctns.in,10.17.150.46,
DHN,Bokaro,Bermo,PS,2,1900,No,Yes,VPNoBB,VPNODongal-JIO,30-04-13,06549-220524,Commissioned,dhn_6549220524@jkd.cctns.in,10.17.150.47,
DHN,Bokaro,Dugdha ,PS,2,1900+800,No,No,VPNoBB,VPNODongal-JIO,05-03-13,06549-244032,Commissioned,dhn_6549244032@jkd.cctns.in,10.17.150.69,
DHN,Bokaro,Chandarapura  ,PS,2,1900,No,Yes,VPNoBB,VPNODongal-JIO,05-06-13,06549-242131,Commissioned,dhn_6549242131@jkd.cctns.in,10.17.150.68,
DHN,Bokaro,Marafari  ,PS,2,,No,Yes,VPNoBB,VPNODongal-JIO,05-07-13,06542-242050,Commissioned,dhn_6542242050@jkd.cctns.in,10.17.150.43,
DHN,Bokaro,Nawadih ,PS,2,1900+800,No,Yes,VPNoBB,VPNODongal-JIO,05-11-13,06549-233010,Commissioned,dhn_6549233010@jkd.cctns.in,10.17.150.70,
DHN,Bokaro,Bhojudih Rail,PS,2,1900,No,No,VPNoBB,VPNODongal-JIO,29-05-13,06542-230100,Commissioned,dhn_6542230100@jkd.cctns.in,10.17.150.73,
DHN,Bokaro,Chandrapura Rail,PS,2,1900,No,No,VPNoBB,VPNODongal-JIO,21-05-13,06549-242188,Commissioned,dhn_6549242188@jkd.cctns.in,10.17.150.71,
DHN,Bokaro,Gomia Rail,PS,2,1900,No,No,VPNoBB,VPNODongal-JIO,13-06-13,06544-261005,Commissioned,dhn_6544261005@jkd.cctns.in,10.17.150.80,
DHN,Bokaro,Gomia ,PS,2,1900+800,No,Yes,VPNoBB,VPNODongal-JIO,13-06-13,06544-261044,Commissioned,dhn_6544261044@jkd.cctns.in,10.17.150.81,
DHN,Bokaro,I.E.L,PS,2,1900+800,Yes,Yes,RF-AIRTEL,,21.12.2018,,Commissioned,dhn_6544230001@jkd.cctns.in,10.11.88.24,
DHN,Bokaro,B.S City,PS,1,800,Yes,Yes,LL/ 2 Mbps,,01-04-13,06542-224027,Commissioned,dhn_6542224027@jkd.cctns.in,10.17.150.7,
DHN,Bokaro,Chas (M)  ,PS,2,1900+800,Yes,Yes,RF-AIRTEL,,15-10-18,,Commissioned,dhn_6542244925@jkd.cctns.in,10.11.88.214,
DHN,Bokaro,Siyaljori  P.S,PS,2,1900,Yes,Yes,RF-AIRTEL,,22-10-18,,Commissioned,,,
DHN,Bokaro,Pindrajora  ,PS,2,1900+800,Yes,Yes,RF-AIRTEL,Bharatnet,10-04-18,,Commissioned,dhn_6542244924@jkd.cctns.in,10.11.88.213,
DHN,Bokaro,Penk- Narainpur ,PS,2,,No,No,VPNODongal-JIO,,,,Commissioned,,,
DHN,Bokaro,Chatrochati ,PS,2,,No,No,VPNODongal-JIO,,,,Commissioned,,,
DHN,Bokaro,Jagashwar Bihar ,PS,2,,No,No,VPNODongal-JIO,,,,Commissioned,,,
DHN,Bokaro,Mahuatand  ,PS,2,1900+800,Yes,Yes,VPNODongal-JIO,,,,Commissioned,dhn_6544230002@jkd.cctns.in,10.11.88.60,
DHN,Bokaro,Sector IV,PS,2,800,Yes,Yes,LL/ 2 Mbps,,12-10-13,06542-231131,Commissioned,dhn_6542231131@jkd.cctns.in,10.17.150.86,
DHN,Bokaro,Harla (IX),PS,2,800,Yes,Yes,LL/ 2 Mbps,,12-10-13,06542-265143,Commissioned,dhn_6542262630@jkd.cctns.in,10.17.150.85,
DHN,Bokaro,Balidih ,PS,2,1900+800,Yes,No,LL/ 2 Mbps,,15-06-16,,Commissioned,,,
DHN,Bokaro,Chas  ,PS,2,800,Yes,Yes,LL/ 2 Mbps,,13-12-13,06542-265143,Commissioned,dhn_6542265143@jkd.cctns.in,10.17.150.89,
DHN,Bokaro,Sector XII,PS,2,800,Yes,No,LL/ 2 Mbps,,26-05-16,,Commissioned,,,
DHN,Bokaro,Sector VI,PS,2,800,Yes,No,LL/ 2 Mbps,,26-05-16,,Commissioned,,,
DHN,Bokaro,Rail,PS,2,1900+800,Yes,Yes,LL/ 2 Mbps,,15-06-16,,Commissioned,,,
DHN,Bokaro,Mahila & Child Protection PS,PS,2,,No,No,VPNODongal-JIO,,,,Commissioned,,,
DHN,Bokaro,Mahila & Child Protection PS Bermo,PS,2,,No,No,VPNODongal-JIO,,2.4.2019,,Commissioned,,,
DHN,Bokaro,Mahila Chas,PS,2,,No,No,P2P/UTP,,2.4.2019,,Commissioned,,,
DHN,Bokaro,SC/ST PS,PS,2,,No,No,P2P/UTP,,2.4.2019,,Commissioned,,,
JSR,Chaibasa,Hatgamharia   ,PS,2,1900,No,Yes,VPNoBB,VPNODongal-JIO,15-04-13,06589-233313,Commissioned,cctns_6589233313@jkd.cctns.in,10.13.99.10,
JSR,Chaibasa,Kiriburu    ,PS,2,1900,No,No,VPNoBB,VPNODongal-JIO,20-04-13,06596-244066,Commissioned,cctns_6596244066@jkd.cctns.in,10.13.99.11,
JSR,Chaibasa,Manoharpur    ,PS,2,1900,No,No,VPNoBB,VPNODongal-JIO,23-05-13,06593-232021,Commissioned,cctns_6593232021@jkd.cctns.in,10.13.99.35,
JSR,Chaibasa,Goilkera    ,PS,2,1900,Yes,No,VPNODongal-JIO,,22-08-13,06593-224220,Commissioned,cctns_6593224220@jkd.cctns.in,10.13.99.42,
JSR,Chaibasa,Sonua    ,PS,2,1900,No,No,VPNoBB,VPNODongal-JIO,25-05-13,06587-227220,Commissioned,cctns_6587277220@jkd.cctns.in,10.13.99.34,
JSR,Chaibasa,Manjhari   ,PS,2,1900,Yes,Yes,RF-AIRTEL,VPNODongal-JIO,10-10-18,,Commissioned,cctns_6582293837@jkd.cctns.in,10.11.88.219,
JSR,Chaibasa,Nowamundi     ,PS,2,1900,Yes,No,RF-AIRTEL,VPNODongal-JIO,10-05-18,,Commissioned,cctns_6596293838@jkd.cctns.in,10.11.88.217,
JSR,Chaibasa,Gua    ,PS,2,1900,No,No,VPNoBB,VPNODongal-JIO,05-09-13,06596-263002,Commissioned,cctns_6596263002@jkd.cctns.in,10.13.99.29,
JSR,Chaibasa,Kumardungi ,PS,2,1900,Yes,Yes,RF-AIRTEL,VPNODongal-JIO,10-10-18,,Commissioned,cctns_6588293840@jkd.cctns.in,10.11.88.220,
JSR,Chaibasa,Chaibasa Sadar P.S,PS,1,1900+800,Yes,Yes,LL/ 2 Mbps,VPNODongal-JIO,31-12-12,06582-256043,Commissioned,cctns_6582256043@jkd.cctns.in,10.13.99.7,
JSR,Chaibasa,Bandgaon     ,PS,2,1900,Yes,No,VPNODongal-JIO,,26-12-13,06587-255255,Commissioned,cctns_6587255255@jkd.cctns.in,10.13.99.64,
JSR,Chaibasa,Karaikala     ,PS,2,1900,No,No,VPNODongal-JIO,,12.3.2019,,Commissioned,,,
JSR,Chaibasa,Jatea  ,PS,2,800,Yes,No,RF-AIRTEL,VPNODongal-JIO,10-05-18,,Commissioned,,,
JSR,Chaibasa,Anandpur    ,PS,2,800,Yes,No,RF-AIRTEL,VPNODongal-JIO,,,Commissioned,,,
JSR,Chaibasa,Jaraikela,PS,2,1900,Yes,No,VPNODongal-JIO,,9.3.2019,,Commissioned,,,
JSR,Chaibasa,Manjhagaon   ,PS,2,1900,Yes,Yes,RF-AIRTEL,VPNODongal-JIO,10-10-18,06588-293826,Commissioned,cctns_6588293826@jkd.cctns.in,10.11.88.10,
JSR,Chaibasa,Jagannathpur    ,PS,2,1900+800,Yes,Yes,RF-AIRTEL,VPNODongal-JIO,30-10-18,,Commissioned,cctns_6588293827@jkd.cctns.in,10.8.198.65,
JSR,Chaibasa,Toklo    ,PS,2,1900,Yes,No,VPNODongal-JIO,,5.3.2019,,Commissioned,,,
JSR,Chaibasa,Chotanagara  ,PS,2,1900,Yes,No,VPNODongal-JIO,,12.3.219,,Commissioned,,,
JSR,Chaibasa,Tonto   ,PS,2,1900,Yes,Yes,RF-AIRTEL,VPNODongal-JIO,10-11-18,,Commissioned,,,
JSR,Chaibasa,"Rail, Chakradharpur",PS,2,1900,Yes,No,LL/ 2 Mbps,,20-12-13,06587-238134,Commissioned,cctns_6587238134@jkd.cctns.in,10.13.99.26,
JSR,Chaibasa,Muffasil  ,PS,2,1900+800,Yes,Yes,LL/ 2 Mbps,VPNODongal-JIO,16-12-13,06582-255429,Commissioned,cctns_6582255429@jkd.cctns.in,10.13.99.59,
JSR,Chaibasa,Jhikpani ,PS,2,1900,Yes,Yes,RF-AIRTEL,VPNODongal-JIO,24-10-18,,Commissioned,,,
JSR,Chaibasa,Chakradharpur,PS,2,1900,Yes,Yes,LL/ 2 Mbps,VPNODongal-JIO,24-11-16,,Commissioned,,,
JSR,Chaibasa,Mahila,PS,2,,No,No,P2P/UTP,VPNODongal-JIO,,,Commissioned,,,
JSR,Chaibasa,Dangoaposi Rail,PS,2,1900,No,No,VPNODongal-JIO,,26.3.2019,,Commissioned,,,
JSR,Chaibasa,SC/ST PS,PS,2,,No,No,P2P/UTP,,2.3.2019,,Commissioned,,,
JSR,Chaibasa,Mahila Chakradharpur,PS,2,,No,No,P2P/UTP,,2.3.2019,,Commissioned,,,
JSR,Chaibasa,Mahila Kiriburu,PS,2,,No,No,P2P/UTP,,29.3.2019,,Commissioned,,,
JSR,Chaibasa,AHTU,PS,2,,No,No,P2P/UTP,,1.04.2019,,Commissioned,,,
HZB,Chatra,Pratappur ,PS,2,1900+800,No,No,VPNoBB,,22-04-13,06550-265617,Commissioned,vpn_ptp_ps@jkd.cctns.in,10.123.224.143,
HZB,Chatra,Simariya,PS,2,1900,No,No,VPNoBB,,20-04-13,06559-233202,Commissioned,vpn_smr_ps@jkd.cctns.in,10.123.224.144,
HZB,Chatra,Hunterganj  ,PS,2,1900,No,No,VPNoBB,VPNODongal-JIO,24-04-13,06550-255308,Commissioned,vpn_hun_ps@jkd.cctns.in,10.123.224.145,
HZB,Chatra,Tandwa ,PS,2,1900,No,No,VPNoBB,VPNoDongle - Airtel,20-04-13,06559-244288,Commissioned,vpn_tdw_ps@jkd.cctns.in,10.123.224.146,
HZB,Chatra,Gidhor ,PS,2,1900+800,No,No,VPNODongal-JIO,,05-06-13,06541-264005,Commissioned,vpn_gdr_ps@jkd.cctns.in,10.123.224.147,
HZB,Chatra,Kunda ,PS,2,1900,No,No,VPNODongal-JIO,,22.3.2019,,Commissioned,,,
HZB,Chatra,Pathalgadda,PS,2,1900+800,Yes,No,RF-Airtel,,26-11-18,,Commissioned,wimaxvpn_pathalgada@jkd.cctns.in ,10.8.198.67,
HZB,Chatra,Bashishtnagar ,PS,2,1900+800,Yes,Yes,RF-Airtel,,25-10-18,,Commissioned,wimax_bashishtnagar@jkd.cctns.in,10.11.88.116,
HZB,Chatra,Lawaloung ,PS,2,1900+800,Yes,Yes,RF-Airtel,,21-11-18,,Commissioned,wimaxvpn_lawalong@jkd.cctns.in ,10.11.88.117,
HZB,Chatra,Rajpur ,PS,2,1900,No,No,Not Feasible,,,,Not Feasible,,,
HZB,Chatra,Chatra Sadar P.S,PS,1,1900+800,Yes,Yes,LL/ 2 Mbps,,01-03-13,06541-223007,Commissioned,cha_ps@jkd.cctns.in,,
HZB,Chatra,Mahila ,PS,2,,No,No,P2P/UTP,VPNODongal-JIO,15.3.2019,,Commissioned,,,
HZB,Chatra,Mayurhand,PS,2,1900,Yes,No,RF-Airtel,,25-10-18,,Commissioned,Wimaxvpn_mayurhand@jkd.cctns.in,10.11.92.18,
HZB,Chatra,Piparwar  ,PS,2,1900,Yes,Yes,RF-Airtel,,23-11-18,,Commissioned,,,
HZB,Chatra,Itkhori  ,PS,2,1900,No,No,VPNoDongle - AIRTEL,,27.3.2019,,Commissioned,,,
DMK,Deoghar,Deoghar Nagar P.S ,PS,1,1900,Yes,Yes,LL/ 2 Mbps,,01-05-13,06432-223058,Commissioned,deo_tb_sb@jkd.cctns.in,10.17.150.15,
DMK,Deoghar,Sarwan ,PS,2,1900+800,No,No,VPNoBB,VPNODongal-JIO,05-11-13,06432-288253,Commissioned,id6432288253_vpn@jkd.cctns.in,10.17.150.103,
DMK,Deoghar,Karoun  ,PS,2,1900,Yes,Yes,RF-AIRTEL,,10-09-18,,Commissioned,,,
DMK,Deoghar,Jasidih Rail,PS,2,1900,No,No,VPNoBB,VPNODongal-JIO,21-05-13,06432-270133,Commissioned,id6432270133_vpn@jkd.cctns.in ,10.17.150.105,
DMK,Deoghar,Madhupur Rail,PS,2,1900+800,No,No,VPNODongal-JIO,,24-05-13,06438-229001,Commissioned,id6438229001_vpn@jkd.cctns.in ,10.11.88.235,
DMK,Deoghar,Kunda  ,PS,2,1900+800,Yes,Yes,RF-AIRTEL,,17-05-13,10-08-18,Commissioned,id6432229001_vpn@jkd.cctns.in ,10.11.88.230,
DMK,Deoghar,Palajori  ,PS,2,1900+800,Yes,No,RF-AIRTEL,,10-08-18,,Commissioned,id6438229007_vpn@jkd.cctns.in,10.11.88.251,
DMK,Deoghar,Chitra ,PS,2,1900+800,Yes,Yes,RF-AIRTEL,Bharatnet,10-08-18,,Commissioned,id6438229005_vpn@jkd.cctns.in,10.11.88.249,
DMK,Deoghar,Devipur,PS,2,1900+800,Yes,Yes,RF-AIRTEL,,24-10-18,,Commissioned,id6432229002_vpn@jkd.cctns.in ,10.11.88.231,
DMK,Deoghar,Sonarai  Thari  ,PS,2,1900+800,Yes,Yes,RF-AIRTEL,Bharatnet,25-10-18,,Commissioned,id6432229003_vpn@jkd.cctns.in ,10.11.88.232,
DMK,Deoghar,Margomunda,PS,2,1900,Yes,Yes,RF-AIRTEL,,25.12.2018,,Commissioned,,,
DMK,Deoghar,Jasidih  ,PS,2,1900,Yes,No,RF-AIRTEL,,10-08-18,,Commissioned,,,
DMK,Deoghar,Mohanpur  ,PS,2,1900,Yes,Yes,RF-Airtel,Bharatnet,24-10-18,,Commissioned,,,
DMK,Deoghar,Baidhnathdham Mandir,PS,2,1900,No,Yes,VPNODongal-JIO,,12.2.2019,,Commissioned,,,
DMK,Deoghar,Madhupur  ,PS,2,1900+800,Yes,No,LL/ 2 Mbps,VPNODongal-JIO,27-05-16,,Commissioned,,,
DMK,Deoghar,Sarath PS,PS,2,1900,Yes,Yes,LL/ 2 Mbps,,07-04-16,,Commissioned,,,
DMK,Deoghar,Mahila Deoghar,PS,,,No,No,P2P/UTP,,6.3.2019,,Commissioned,,,
DMK,Deoghar,SC/ST PS,PS,,,No,No,P2P/UTP,,6.3.2019,,Commissioned,,,
DMK,Deoghar,Mahila Madhupur,PS,,,No,No,P2P/UTP,,6.3.2019,,Commissioned,,,
DMK,Deoghar,Rikhiya,PS,,,No,No,VPNODongal-JIO,,25.3.2019,,Commissioned,,,
DMK,Deoghar,Cyber PS,PS,,,No,No,VPNODongal-JIO,,22.3.2019,,Commissioned,,,
DMK,Deoghar,Khaga PS,PS,2,,No,No,Not Feasible,,,,Not Feasible,,,
DMK,Deoghar,Budhai PS,PS,2,,No,No,Not Feasible,,,,Not Feasible,,,
DMK,Deoghar,Pathruol PS,PS,2,,No,No,Not Feasible,,,,Not Feasible,,,
DHN,Dhanbad,Dhanbad Nagar P.S,PS,1,800,Yes,Yes,P2P/UTP,,24-05-16,0326-2220012,Commissioned,dhn_3262220012@jkd.cctns.in,10.17.150.6,
DHN,Dhanbad,Rail,PS,1,1900+800,Yes,No,LL/ 2 Mbps,,24-05-16,0326-2220009,Commissioned,dhn_3262220009@jkd.cctns.in,10.17.150.5,
DHN,Dhanbad,Baghmara   ,PS,2,1900,No,Yes,VPNoBB,,13-04-13,0326-2428100,Commissioned,dhn_3262428100@jkd.cctns.in,10.17.150.1,
DHN,Dhanbad,Madhuban  ,PS,2,1900+800,No,Yes,VPNoBB,,15-04-13,0326-2392100,Commissioned,dhn_3262392100@jkd.cctns.in,10.17.150.14,
DHN,Dhanbad,Baliapur  ,PS,2,1900,No,Yes,VPNoBB,,18-04-13,0326-2431231,Commissioned,dhn_3262341231@jkd.cctns.in,10.17.150.11,
DHN,Dhanbad,Rajganj  ,PS,2,1900+800,No,Yes,VPNoBB,,04-11-13,0326-2272522,Commissioned,dhn_3262272522@jkd.cctns.in,10.17.150.37,
DHN,Dhanbad,Topchanchi  ,PS,2,1900,No,Yes,VPNoBB,,04-11-13,0326-2482428,Commissioned,dhn_3262482428@jkd.cctns.in,10.17.150.36,
DHN,Dhanbad,Nirsa  ,PS,2,1900,No,Yes,VPNoBB,,26-04-13,06540-275020,Commissioned,dhn_6540275020@jkd.cctns.in,10.17.150.63,
DHN,Dhanbad,Hariharpur  ,PS,2,1900,No,Yes,VPNoBB,,04-11-13,0326-2473259,Commissioned,dhn_3262473259@jkd.cctns.in,10.17.150.35,
DHN,Dhanbad,Loyabad ,PS,2,,No,Yes,VPNoBB,,04-10-13,0326-2334145,Commissioned,dhn_3262334145@jkd.cctns.in,10.17.150.33,
DHN,Dhanbad,Sudamdih  ,PS,2,1900,No,Yes,VPNoBB,,04-10-13,0326-2385032,Commissioned,dhn_3262385032@jkd.cctns.in,10.17.150.12,
DHN,Dhanbad,Mahuda  ,PS,2,1900+800,No,Yes,VPNoBB,,13-04-13,0326-2271678,Commissioned,dhn_3262271678@jkd.cctns.in,10.17.150.31,
DHN,Dhanbad,Jharia  ,PS,2,,No,Yes,VPNoBB,,04-06-13,0326-2360901,Commissioned,dhn_3262360901@jkd.cctns.in,10.17.150.10,
DHN,Dhanbad,Tisra   ,PS,2,1900,No,Yes,VPNoBB,,04-06-13,0326-2290099,Commissioned,dhn_3262290099@jkd.cctns.in,10.17.150.9,
DHN,Dhanbad,Gomo Rail,PS,2,1900,No,Yes,VPNoBB,,06-12-13,0326-2473261,Commissioned,dhn_3262473261@jkd.cctns.in,10.17.150.79,
DHN,Dhanbad,Patherdih Rail,PS,2,1900,No,Yes,VPNoBB,,22-06-13,,Commissioned,,,
DHN,Dhanbad,"Katrasgarh Rail, Dhanbad",PS,2,1900+800,No,Yes,VPNoBB,,06-01-13,0326-2373101,Commissioned,dhn_2373101@jkd.cctns.in,10.17.150.78,
DHN,Dhanbad,Kusunda Rail,PS,2,1900+800,No,Yes,VPNODongal-JIO,,08-01-13,,Commissioned,dhn_3262297003@jkd.cctns.in,10.11.88.245,
DHN,Dhanbad,Chirkunda  ,PS,2,1900,No,Yes,VPNoBB,,05-08-13,06540-270127,Commissioned,dhn_6540270127@jkd.cctns.in,10.17.150.67,
DHN,Dhanbad,Tundi  ,PS,2,1900+800,No,Yes,VPNoBB,,20-05-13,06540-2282260,Commissioned,dhn_3262282260@jkd.cctns.in,10.17.150.38,
DHN,Dhanbad,Tetulmari  ,PS,2,,No,Yes,VPNODongal-JIO,,26.3.2019,,Commissioned,dhn_3262297001@jkd.cctns.in,10.17.150.66,
DHN,Dhanbad,Barora,PS,2,1900+800,Yes,Yes,LL/ 2 Mbps,,06-12-13,,Commissioned,dhn_3262297002@jkd.cctns.in,10.11.88.211,
DHN,Dhanbad,Maniyadih  ,PS,2,1900,Yes,Yes,RF-AIRTEL,,10-12-18,,Commissioned,,,
DHN,Dhanbad,Purwi Tundi,PS,2,1900,Yes,Yes,RF-AIRTEL,Bharatnet,26-11-18,,Commissioned,,,
DHN,Dhanbad,Barwada  ,PS,2,1900+800,Yes,Yes,LL/ 2 Mbps,,27-05-16,,Commissioned,,,
DHN,Dhanbad,Bankmore  ,PS,2,800,Yes,Yes,LL/ 2 Mbps,,28-05-16,0326-2300043,Commissioned,dhn_03262300249@jkd.cctns.in,10.17.150.93,
DHN,Dhanbad,Dhansar ,PS,2,800,Yes,Yes,LL/ 2 Mbps,,28-05-16,0326-2300271,Commissioned,dhn_3262291029@jkd.cctns.in,10.17.150.95,
DHN,Dhanbad,Saraidhela ,PS,2,800,Yes,Yes,LL/ 2 Mbps,,28-05-16,0326-2100085,Commissioned,dhn_3262200085@jkd.cctns.in ,10.17.150.91,
DHN,Dhanbad,Putki  ,PS,2,1900+800,Yes,Yes,LL/ 2 Mbps,,29-05-16,0326-2330060,Commissioned,dhn_3262330060@jkd.cctns.in,10.17.150.92,
DHN,Dhanbad,Katras  ,PS,2,800,Yes,Yes,LL/ 2 Mbps,,29-05-16,0326-2371022,Commissioned,dhn_3262371022@jkd.cctns.in,10.17.150.88,
DHN,Dhanbad,Jogta,PS,2,800,Yes,Yes,LL/ 2 Mbps,,29-05-16,0326-2375043,Commissioned,dhn_3262371045@jkd.cctns.in,10.17.150.87,
DHN,Dhanbad,Sindri  ,PS,2,1900+800,Yes,Yes,LL/ 2 Mbps,,29-05-16,,Commissioned,,,
DHN,Dhanbad,Jorapokhar  ,PS,2,1900,Yes,Yes,LL/ 2 Mbps,,30-05-16,,Commissioned,,,
DHN,Dhanbad,Patherdih  ,PS,2,800+1900,Yes,Yes,LL/ 2 Mbps,,06-01-16,0326-2385098,Commissioned,dhn_3262385098@jkd.cctns.in,10.17.150.94,
DHN,Dhanbad,Govindpur  ,PS,2,800,Yes,Yes,LL/ 2 Mbps,,06-01-16,06540-262049,Commissioned,dhn_6540262049@jkd.cctns.in,10.17.150.90,
DHN,Dhanbad,Kenduahidh ,PS,2,1900,Yes,Yes,LL/ 2 Mbps,,06-01-16,,Commissioned,,,
DHN,Dhanbad,SC/ST PS,PS,,,No,No,P2P/UTP,,6.3.2019,,Commissioned,,,
DHN,Dhanbad,Mahila Dhanbad,PS,,,No,No,P2P/UTP,,6.3.2019,,Commissioned,,,
DHN,Dhanbad,Cyber PS,PS,,,No,No,P2P/UTP,,,,Commissioned,,,
DMK,Dumka,AHTU,PS,,,No,No,P2P/UTP,,26.3.2019,,Commissioned,,,
DMK,Dumka,Dumka Nagar P.S. ,PS,1,1900,Yes,Yes,LL/ 2 Mbps,,19-01-13,06434-236148,Commissioned,dmk_tb_sb@jkd.cctns.in,10.17.150.20,
DMK,Dumka,Gopikander ,PS,2,1900,Yes,No,VPNODongal-JIO,,27.3.2019,,Commissioned,,,
DMK,Dumka,Hansdiha  ,PS,2,1900,No,Yes,VPNODongal-JIO,,18-05-13,06431-248024,Commissioned,id6431248024_vpn@jkd.cctns.in ,10.17.150.108,
DMK,Dumka,Jama ,PS,2,1900,No,Yes,VPNODongal-JIO,,09-03-13,06431-258809,Commissioned,id6431258809@jkd.cctns.in,10.17.150.107,
DMK,Dumka,Jarmundi  ,PS,2,1900,No,Yes,VPNODongal-JIO,,30-05-13,06431-230559,Commissioned,id6431230559_vpn@jkd.cctns.in ,10.17.150.106,
DMK,Dumka,Kathikund,PS,2,1900,Yes,No,RF-AIRTEL,,10-04-18,06427-228049,Commissioned,,,
DMK,Dumka,Mahila Dumka,PS,,,No,No,P2P/UTP,,,,Commissioned,,,
DMK,Dumka,Masalia ,PS,2,1900,Yes,Yes,LL/ 2 Mbps,VPNODongal-JIO,23-07-16,,Commissioned,,,
DMK,Dumka,Muffasil  ,PS,2,1900,Yes,Yes,LL/ 2 Mbps,,17-06-16,,Commissioned,,,
DMK,Dumka,Ramgarh  ,PS,2,1900,No,Yes,LL/ 2 Mbps,VPNODongal-JIO,26-08-16,,Commissioned,,,
DMK,Dumka,Raneshwar  ,PS,2,1900,Yes,No,RF-AIRTEL,,25-10-18,06434-268525,Commissioned,id6434268525_vpn@jkd.cctns.in,10.17.150.29,
DMK,Dumka,Saraiyahat  ,PS,2,1900,No,Yes,VPNODongal-JIO,,18-05-13,06431-260988,Commissioned,id6431260988_vpn@jkd.cctns.in ,10.17.150.101,
DMK,Dumka,SC/ST PS,PS,,,No,No,P2P/UTP,,28.3.2019,,Commissioned,,,
DMK,Dumka,Sikaripara,PS,2,1900,Yes,Yes,RF-AIRTEL,,25-10-18,,Commissioned,,,
DMK,Dumka,Taljhari  ,PS,2,1900,Yes,No,RF-AIRTEL,,28-11-18,,Commissioned,id6431229038_vpn@jkd.cctns.in ,10.11.88.244,
DMK,Dumka,Tongra  ,PS,2,1900,Yes,No,VPNODongal-JIO,,23.3.2019,,Commissioned,,,
DTJ,Garhwa,Danda,PS,2,1900,No,Yes,VPNODongal-JIO,,12.2.2019,,Commissioned,,,
DTJ,Garhwa,Kandi ,PS,2,1900,No,Yes,VPNODongal-JIO,,14.2.2019,,Commissioned,,,
DTJ,Garhwa,Garhwa Nagar P.S,PS,1,800,Yes,Yes,LL/ 2 Mbps,VPNODongal-JIO,29-12-12,06561-222072,Commissioned,gar_ds_th@jkd.cctns.in,10.11.88.67,
DTJ,Garhwa,Bhandaria  ,PS,2,1900,Yes,Yes,LL/ 2 Mbps,,18-06-13,06561-279114,Commissioned,id6561279114@jkd.cctns.in,10.11.88.178,
DTJ,Garhwa,Ranka ,PS,2,1900,Yes,Yes,LL/ 2 Mbps,VPNODongal-JIO,23-08-13,06561-254700,Commissioned,id6561254700_rnkph@jkd.cctns.in,10.11.88.183,
DTJ,Garhwa,Dhurki  ,PS,2,1900,No,Yes,RF-AIRTEL,VPNODongal-JIO,14.2.2019,,Commissioned,,,
DTJ,Garhwa,Ramkanda,PS,2,1900,No,Yes,VPNODongal-JIO,,18-06-13,,Commissioned,id6561279113@jkd.cctns.in,10.11.88.153,
DTJ,Garhwa,Dandai ,PS,2,1900,No,Yes,VPNODongal-JIO,,06-01-13,,Commissioned,id6561279111@jkd.cctns.in,10.11.88.151,
DTJ,Garhwa,Kharaundhi ,PS,2,1900,No,Yes,VPNODongal-JIO,,13.2.2019,,Commissioned,,,
DTJ,Garhwa,Ketar,PS,2,800,No,Yes,VPNODongal-JIO,,22.2.2019,,Commissioned,,,
DTJ,Garhwa,Bishunpura,PS,2,1900,No,No,RF-AIRTEL,VPNODongal-JIO,15.2.2019,,Commissioned,,,
DTJ,Garhwa,Bardiha,PS,2,800,No,No,VPNODongal-JIO,,13.2.2019,,Commissioned,,,
DTJ,Garhwa,Meral  ,PS,2,800,Yes,Yes,LL/ 2 Mbps,VPNODongal-JIO,14-06-16,,commissioned,,,
DTJ,Garhwa,Ramna ,PS,2,1900,Yes,Yes,RF-AIRTEL,VPNODongal-JIO,25-10-18,,commissioned,,,
DTJ,Garhwa,Nagar  Untari   ,PS,2,1900,Yes,Yes,LL/ 2 Mbps,VPNODongal-JIO,23-12-16,,Commissioned,,,
DTJ,Garhwa,Bhawnathpur     ,PS,2,1900,Yes,Yes,RF-AIRTEL,,26-11-18,,Commissioned,,,
DTJ,Garhwa,Manjhiaon ,PS,2,1900,Yes,Yes,RF-AIRTEL,VPNODongal-JIO,26-11-18,,Commissioned,,,
DTJ,Garhwa,Mahila Garhwa,PS,,,Na,No,P2P/UTP,VPNODongal-JIO,6.3.2019,,Commissioned,,,
DTJ,Garhwa,SC/ST PS,PS,,,Na,No,P2P/UTP,,7.3.2019,,Commissioned,,,
DTJ,Garhwa,Mahila Nagar Untari,PS,,,Na,No,P2P/UTP,VPNODongal-JIO,8.3.2019,,Commissioned,,,
HZB,Giridih,Giridih Nagar P.S,PS,1,1900,Yes,Yes,LL/ 2 Mbps,,01-04-13,06532-222116,Commissioned,gir_ps@jkd.cctns.in,10.11.88.76,
HZB,Giridih,Bengabad ,PS,2,1900,No,Yes,VPNoBB,VPNODongal-JIO,13-04-13,06532-236607,Commissioned,ben_ds_sb@jkd.cctns.in,10.123.224.135,
HZB,Giridih,Jamua,PS,2,1900,No,Yes,P2P/UTP,,04-11-13,06554-242418,Commissioned,vpn_jma_ps@jkd.cctns.in,10.11.88.101,
HZB,Giridih,Rajdhawar,PS,2,1900+800,No,Yes,VPNoBB,,04-11-13,06554-235957,Commissioned,vpn_raj_ps@jkd.cctns.in,10.11.88.102,
HZB,Giridih,Gawan,PS,2,1900+800,No,Yes,VPNoBB,,24-04-13,06556-234163,Commissioned,vpn_gawan_ps@jkd.cctns.in,10.123.224.140,
HZB,Giridih,Tisri ,PS,2,1900+800,No,Yes,VPNoBB,,04-10-13,06556-234448,Commissioned,vpn_tisri_ps2@jkd.cctns.in,10.11.88.100,
HZB,Giridih,Deouri  ,PS,2,1900,No,Yes,VPNoBB,,04-10-13,06556-234794,Commissioned,vpn_deo_ps@jkd.cctns.in,10.123.224.142,
HZB,Giridih,Bagodar ,PS,2,1900,No,Yes,VPNoBB,,05-02-13,06557-233066,Commissioned,vpn_bgd_ps@jkd.cctns.in,10.123.224.138,
HZB,Giridih,Ahilyapur ,PS,2,1900,Yes,Yes,RF-AIRTEL,Bharatnet,27-10-18,,Commissioned,wimaxvpn_ahilyapur@jkd.cctns.in,10.11.88.95,
HZB,Giridih,Taratand,PS,2,1900+800,Yes,Yes,RF-AIRTEL,Bharatnet,20-04-13,,Commissioned,wimaxvpn_taratand@jkd.ccctns.in,10.11.88.96,
HZB,Giridih,Lokai  Nayanpur,PS,2,1900+800,Yes,Yes,RF-AIRTEL,,23-11-18,,Commissioned,wimax_nayanpur@jkd.cctns.in,10.11.88.92,
HZB,Giridih,Bhelvaghaty  ,PS,2,1900+800,Yes,Yes,VPNODongal-JIO,Bharatnet,23-04-13,,Commissioned,wimaxvpn_bhelvaghaty@jkd.cctns.in,10.11.88.93,
HZB,Giridih,Nimiyaghat  ,PS,2,1900+800,Yes,Yes,RF-AIRTEL,,06-12-13,,Commissioned,wimaxvpn_nimiyaghat@jkd.cctns.in,10.11.88.94,
HZB,Giridih,Gandey  ,PS,2,1900+800,Yes,Yes,RF-AIRTEL,Bharatnet,24-10-18,,Commissioned,wimaxvpn_gandey@jkd.cctns.in,10.11.88.171,
HZB,Giridih,Birni ,PS,2,1900+800,Yes,Yes,RF-AIRTEL,Bharatnet,24-10-18,,Commissioned,wimaxvpn_birni@jkd.cctns.in ˜,˜10.11.88.169,
HZB,Giridih,Khukhra ,PS,2,,No,No,VPNODongal-JIO,,,,Commissioned,wimaxvpn_khukhra@jkd.cctns.in,10.11.88.91,
HZB,Giridih,Muffisil,PS,2,1900,Yes,Yes,RF-AIRTEL,Bharatnet,10-12-18,,Commissioned,,,
HZB,Giridih,Herodih,PS,2,1900,Yes,Yes,LL/ 2 Mbps,,29-08-16,,Commissioned,,,
HZB,Giridih,Dumri  ,PS,2,1900,Yes,Yes,LL/ 2 Mbps,,26-08-16,,Commissioned,,,
HZB,Giridih,Pirtand,PS,2,1900,Yes,Yes,LL/ 2 Mbps,,07-12-16,,Commissioned,,,
HZB,Giridih,Sariya  ,PS,2,1900+800,Yes,Yes,LL/ 2 Mbps,,17-08-16,,Commissioned,,,
HZB,Giridih,Mahila ,PS,,,No,No,P2P/UTP,,6.3.2019,,Commissioned,,,
HZB,Giridih,SC/ST PS,PS,,,No,No,P2P/UTP,,6.32019,,Commissioned,,,
HZB,Giridih,Pachambha,PS,,,No,No,VPNODongal-JIO,,,,Commissioned,,,
HZB,Giridih,Cyber PS,PS,,,No,No,P2P/UTP,,2.4.2019,,Commissioned,,,
HZB,Giridih,Madhuban  ,PS,2,800,Yes,No,RF-AIRTEL,,11.1.2019,,Commissioned,,,
DMK,Godda,Godda Nagar P.S ,PS,1,1900+800,Yes,Yes,LL/ 2 Mbps,,01-04-13,06422-220021,Commissioned,gdd_tb_sb@jkd.cctns.in,10.11.88.77,
DMK,Godda,Mahagama  ,PS,2,1900+800,No,Yes,VPNoBB,,27-04-13,06437-228748,Commissioned,id6437228748_vpn@jkd.cctns.in ,10.122.66.146,
DMK,Godda,Rajbhitha ,PS,2,1900,Yes,Yes,RF-AIRTEL,,26-10-18,,commissioned,id6422229021_vpn@jkd.cctns.in ,10.11.88.236,
DMK,Godda,Basantrai ,PS,2,1900,Yes,Yes,RF-AIRTEL,,24-10-18,,Commissioned,id6422229022_vpn@jkd.cctns.in ,10.11.88.237,
DMK,Godda,Poraiyahat,PS,2,1900,No,Yes,VPNoBB,VPNODongal-JIO,,06422-258442,Commissioned,id6422258442_vpn@jkd.cctns.in,10.122.66.142,
DMK,Godda,Pathargama  ,PS,2,1900,Yes,Yes,RF-AIRTEL,,10-04-18,,Commissioned,id6437268449_vpn@jkd.cctns.in ,10.11.88.234,
DMK,Godda,Boarijore ,PS,2,1900,Yes,Yes,RF-AIRTEL,,9.4.2019,,Commissioned,,,
DMK,Godda,Thakur Gangti  ,PS,2,1900,Yes,Yes,RF-AIRTEL,,26-10-18,,Commissioned,,,
DMK,Godda,Hanwara,PS,2,1900,Yes,Yes,RF-AIRTEL,,26-10-18,,Commissioned,id6422229015_vpn@jkd.cctns.in,10.11.88.227 ,
DMK,Godda,Meharma  ,PS,2,1900,Yes,Yes,RF-AIRTEL,,10-04-18,,Commissioned,id6422229017_vpn@jkd.cctns.in,10.11.88.228,
DMK,Godda,Belbadda  ,PS,2,1900,Yes,No,RF-AIRTEL,,10-04-18,,Commissioned,id6422229018_vpn@jkd.cctns.in ,10.11.88.221,
DMK,Godda,Deodar ,PS,2,1900,Yes,Yes,RF-AIRTEL,,26-10-18,,Commissioned,id6422229016_vpn@jkd.cctns.in,10.11.88.222,
DMK,Godda,Muffasil  ,PS,2,1900,Yes,Yes,LL/ 2 Mbps,,30-08-16,,Commissioned,,,
DMK,Godda,Sunder  Pahari  ,PS,2,1900,Yes,Yes,LL/ 2 Mbps,,09-01-16,,Commissioned,,,
DMK,Godda,Mahila,PS,,,No,No,P2P/UTP,,7.3.2019,,Commissioned,,,
RCH,Gumla,Gumla Nagar P.S,PS,1,1900,Yes,Yes,LL/ 2 Mbps,,31-12-12,06524-223036,Commissioned,rch_gml_ps@jkd.cctns.in,10.11.88.65,
RCH,Gumla,Sisai ,PS,2,1900+800,Yes,Yes,RF-Airtel,,21-11-18,06524-224046,Commissioned,rch_sis_ps@jkd.cctns.in,10.11.88.83,
RCH,Gumla,Chainpur ,PS,2,1900,No,Yes,VPNoBB,,26-04-13,06535-274017,Commissioned,chainpur_ps@jkd.cctns.in,10.11.88.130,
RCH,Gumla,Basia,PS,2,1900,No,Yes,VPNODongal-JIO,,26-04-14,06533-233244,Commissioned,basia_ps@jkd.cctns.in,10.11.88.134,
RCH,Gumla,Raidih ,PS,2,1900+800,Yes,Yes,RF-Airtel,,05-03-13,,Commissioned,dumri_ps@jkd.cctns.in,10.11.88.140,
RCH,Gumla,Bharno ,PS,2,1900+800,Yes,Yes,RF-Airtel,,30-10-18,,Commissioned,bharno_ps@jkd.cctns.in,10.11.88.138,
RCH,Gumla,Bishunpur ,PS,2,1900,No,Yes,VPNODongal-JIO,,21-05-13,06523-278342,Commissioned,bishunpur_ps@jkd.cctns.in,10.11.88.141,
RCH,Gumla,Sursang ,PS,2,1900,Yes,No,P2P/UTP ,,,,Commissioned,kurumgarh_ps@jkd.cctns.in,10.11.88.126,
RCH,Gumla,Kurumgarh ,PS,2,1900,Yes,No,Under Chainpur PS,,,,Commissioned,sursang_ps@jkd.cctns.in,10.11.88.124,
RCH,Gumla,Palkot ,PS,2,1900,Yes,Yes,LL/ 2 Mbps,,23-08-16,,Commissioned,,,
RCH,Gumla,Kamdara ,PS,2,1900,Yes,Yes,LL/ 2 Mbps,,09-03-16,,Commissioned,,,
RCH,Gumla,Ghaghra,PS,2,1900,Yes,Yes,LL/ 2 Mbps,,16-12-16,,Commissioned,,,
RCH,Gumla,Kurkura,PS,2,,,,P2P/UTP,,20.02.2020,,Commissioned,,,
RCH,Gumla,Mahila & Child Protection PS,PS,,,No,No,P2P/UTP,,28.3.2019,,Commissioned,,,
RCH,Gumla,SC/ST PS,PS,,,No,No,P2P/UTP,,28.3.2019,,Commissioned,,,
RCH,Gumla,Puso,PS,,,No,No,VPNODongal-JIO,,30.3.2019,,Commissioned,,,
RCH,Gumla,Karanj,PS,,,No,No,VPNODongal-JIO,,30.3.2019,,Commissioned,,,
RCH,Gumla,AHTU,PS,,,No,No,P2P/UTP,,28.3.2019,,Commissioned,,,
HZB,Hazaribagh,Hazaribag Sadar P.S,PS,1,800,Yes,No,LL/ 2 Mbps,,01-04-13,06546-223284,Commissioned,haz_ps@jkd.cctns.in,10.11.88.74,
HZB,Hazaribagh,Katkamsandi  ,PS,2,1900,No,Yes,VPNoBB,VPNODongal-JIO,30-04-13,06546-238720,Commissioned,vpn_ktm_ps@jkd.cctns.in,10.11.88.111,
HZB,Hazaribagh,Churchu  ,PS,2,1900,No,No,VPNoBB,VPNoDongle - Airtel,05-01-13,06546-230018,Commissioned,vpn_chu_ps@jkd.cctns.in,10.11.88.115,
HZB,Hazaribagh,Keredari  ,PS,2,1900,No,Yes,VPNoBB,,05-01-13,06551-281042,Commissioned,vpn_kdr_ps@jkd.cctns.in,10.123.224.131,
HZB,Hazaribagh,Katkamdag,PS,2,800,No,No,VPNoDongle - Airtel,,25.3.2019,,Commissioned,,,
HZB,Hazaribagh,Gorhar ,PS,2,1900,Yes,No,RF-Airtel,,22-10-18,,Commissioned,Wimaxvpn_gorhar@jkd.cctns.in,10.11.92.19,
HZB,Hazaribagh,Ango  ,PS,2,1900,Yes,No,RF-Airtel,,24.12.2018,,Commissioned,,,
HZB,Hazaribagh,Chalkusa  ,PS,2,,Yes,No,VPNODongal-JIO,,25.3.2019,,Commissioned,,,
HZB,Hazaribagh,Daru,PS,2,,No,No,VPNODongal-JIO,,12.3.2019,,Commissioned,,,
HZB,Hazaribagh,Barhi  ,PS,2,1900+800,Yes,Yes,LL/ 2 Mbps,,13-06-16,,Commissioned,,,
HZB,Hazaribagh,Chauparan ,PS,2,1900,Yes,Yes,RF-Airtel,,24-10-18,,Commissioned,,,
HZB,Hazaribagh,Barkatha  ,PS,2,800,Yes,Yes,LL/ 2 Mbps,,24-08-16,,Commissioned,,,
HZB,Hazaribagh,Bishnugarh  ,PS,2,1900+800,Yes,Yes,LL/ 2 Mbps,,31-08-16,,Commissioned,,,
HZB,Hazaribagh,Barkagaon ,PS,2,1900+800,Yes,Yes,LL/ 2 Mbps,,09-01-16,,Commissioned,,,
HZB,Hazaribagh,Giddi  ,PS,2,1900,Yes,Yes,LL/ 2 Mbps,,28-09-16,,Commissioned,,,
HZB,Hazaribagh,Tati Jhariya,PS,2,1900,Yes,Yes,LL/ 2 Mbps,,,06546-234331,Commissioned,vpn_tat_ps@jkd.cctns.in,10.11.92.12,
HZB,Hazaribagh,Charhi ,PS,2,1900+800,Yes,Yes,LL/ 2 Mbps,,30-08-16,,Commissioned,,,Under Raidih PS
HZB,Hazaribagh,Ichak,PS,2,1900+800,Yes,Yes,LL/ 2 Mbps,,,06546-285501,Commissioned,vpn_ich_ps@jkd.cctns.in,10.11.92.14,
HZB,Hazaribagh,Muffasil  ,PS,2,1900,No,Yes,VPNoBB,VPNODongal-JIO,17-12-13,6546223676,Commissioned,vpn_haz_ps@jkd.cctns.in,10.123.224.151,Chianpur
HZB,Hazaribagh,LOHSINGHNA,PS,3,,No,No,VPNODongal-JIO,,,,Commissioned,,,
HZB,Hazaribagh,KORRA,PS,3,,No,No,VPNODongal-JIO,,,,Commissioned,,,
HZB,Hazaribagh,ST/SC,PS,3,,No,No,VPNODongal-JIO,,,,Commissioned,,,
HZB,Hazaribagh,Hazaribagh Mahila,PS,3,,No,No,VPNODongal-JIO,,,,Commissioned,,,
HZB,Hazaribagh,Barhi Mahila,PS,3,,No,No,P2P/UTP,VPNODongal-JIO,,,Commissioned,,,
JSR,Jamshedpur,Sakchi   ,PS,1,800,Yes,Yes,LL/ 2 Mbps,VPNODongal-JIO,28-12-12,0657-2431018,Commissioned,cctns_6572431018@jkd.cctns.in,10.13.99.5,
JSR,Jamshedpur,Rail,PS,1,800,Yes,No,LL/ 2 Mbps,,31-12-12,0657-2290188,Commissioned,cctns_6572290188@jkd.cctns.in,10.13.99.8,
JSR,Jamshedpur,Ghatshila     ,PS,2,1900+800,Yes,Yes,RF-AIRTEL,VPNODongal-JIO,26-04-13,06585-225112,Commissioned,cctns_6585225112@jkd.cctns.in,10.13.99.20,
JSR,Jamshedpur,Sitaram Dera   ,PS,2,,No,Yes,VPNoBB,,15-04-13,0657-2230082,Commissioned,cctns_6572230082@jkd.cctns.in,10.13.99.13,
JSR,Jamshedpur,Barma Mines   ,PS,2,,No,No,VPNoBB,,16-04-13,0657-2345323,Commissioned,cctns_6572345323@jkd.cctns.in,10.13.99.19,
JSR,Jamshedpur,M.G.M   ,PS,2,1900,No,Yes,VPNoBB,VPNODongal-JIO,04-10-13,0657-2360065,Commissioned,cctns_6572360065@jkd.cctns.in,10.13.99.9,
JSR,Jamshedpur,Potka   ,PS,2,1900+800,No,No,VPNoBB,,27-04-13,0657-2788238,Commissioned,cctns_6572788238@jkd.cctns.in,10.13.99.21,
JSR,Jamshedpur,Patamda   ,PS,2,1900,No,Yes,VPNoBB,,05-02-13,0657-2755321,Commissioned,cctns_6572755321@jkd.cctns.in,10.13.99.18,
JSR,Jamshedpur,Jadugora  ,PS,2,1900,No,No,VPNoBB,,05-08-13,0657-2730141,Commissioned,cctns_6572730141@jkd.cctns.in,10.13.99.25,
JSR,Jamshedpur,Bahragora  ,PS,2,1900+800,No,Yes,VPNoBB,VPNODongal-JIO,05-09-13,06594-224260,Commissioned,cctns_6594224260@jkd.cctns.in,10.13.99.23,
JSR,Jamshedpur,Galudih,PS,2,1900+800,No,Yes,VPNoBB,VPNODongal-JIO,13-05-13,06585-262671,Commissioned,cctns_6585262671@jkd.cctns.in,10.13.99.28,
JSR,Jamshedpur,Jugsalai P.S,PS,2,,No,No,VPNoBB,,27-05-13,0657-2230019,Commissioned,cctns_6572230019@jkd.cctns.in,10.13.99.39,
JSR,Jamshedpur,Bagbera  ,PS,2,,No,No,VPNoBB,VPNODongal-JIO,25-05-13,0657-2296121,Commissioned,cctns_6572296121@jkd.cctns.in,10.13.99.36,
JSR,Jamshedpur,Sundarnagar ,PS,2,,No,Yes,VPNoBB,,21-05-13,0657-2318132,Commissioned,cctns_6572318132@jkd.cctns.in,10.13.99.37,
JSR,Jamshedpur,Dhalbumgarh   ,PS,2,1900+800,No,Yes,VPNoBB,VPNODongal-JIO,07-08-13,06585-235052,Commissioned,cctns_6585235052@jkd.cctns.in,10.13.99.46,
JSR,Jamshedpur,Chakulia   ,PS,2,1900,No,Yes,VPNoBB,VPNODongal-JIO,14-05-13,06594-233048,Commissioned,cctns_6594233048@jkd.cctns.in,10.13.99.22,
JSR,Jamshedpur,Gurabanda   ,PS,2,1900,No,Yes,VPNODongal-JIO,,2.4.2019,,Commissioned,,,
JSR,Jamshedpur,Musabani   ,PS,2,1900,No,Yes,VPNoBB,,17-05-13,06585-275036,Commissioned,cctns_6585275036@jkd.cctns.in,10.13.99.33,
JSR,Jamshedpur,Dumaria   ,PS,2,1900+800,No,Yes,VPNoBB,VPNODongal-JIO,06-06-13,06585-279023,Commissioned,cctns_6585279023@jkd.cctns.in,10.13.99.27,
JSR,Jamshedpur,Shyam Sundarpur  ,PS,2,1900,Yes,Yes,RF-AIRTEL,VPNODongal-JIO,13-10-18,,Commissioned,,,
JSR,Jamshedpur,Kawali ,PS,2,1900+800,Yes,Yes,RF-AIRTEL,VPNODongal-JIO,25-10-18,0657-2745038,Commissioned,cctns_6572944122@jkd.cctns.in,10.11.88.13,
JSR,Jamshedpur,Bodam,PS,2,1900+800,Yes,No,RF-AIRTEL,VPNODongal-JIO,31-12-13,,Commissioned,,,
JSR,Jamshedpur,Kamalpur   ,PS,2,1900+800,Yes,Yes,RF-AIRTEL,VPNODongal-JIO,24-10-18,,Commissioned,,,
JSR,Jamshedpur,Barsol   ,PS,2,1900,No,Yes,VPNoBB,VPNODongal-JIO,08-01-13,,Commissioned,cctns_6594252039@jkd.cctns.in,10.13.99.49,
JSR,Jamshedpur,Parsudih ,PS,2,800,Yes,Yes,LL/ 2 Mbps,,21-06-16,,Commissioned,,,
JSR,Jamshedpur,Telco   ,PS,2,800,Yes,Yes,LL/ 2 Mbps,,12-10-13,0657-2281724,Commissioned,cctns_6572281724@jkd.cctns.in,10.13.99.52,
JSR,Jamshedpur,Govindpur   ,PS,2,800,Yes,Yes,LL/ 2 Mbps,,26-05-16,0657-2276020,Commissioned,cctns_6572276020@jkd.cctns.in,10.13.99.53,
JSR,Jamshedpur,Birsanagar   ,PS,2,800,Yes,No,LL/ 2 Mbps,,26-05-16,0657-2281233,Commissioned,cctns_6572281233@jkd.cctns.in,10.13.99.56,
JSR,Jamshedpur,Sidhgora    ,PS,2,800,Yes,Yes,LL/ 2 Mbps,,26-05-16,0657-2210214,Commissioned,cctns_6572210214@jkd.cctns.in,10.13.99.58,
JSR,Jamshedpur,Golmuri    ,PS,2,800,Yes,No,LL/ 2 Mbps,,12-12-13,0657-2270218,Commissioned,cctns_6572270218@jkd.cctns.in,10.13.99.55,
JSR,Jamshedpur,Bistupur   ,PS,2,800,Yes,Yes,LL/ 2 Mbps,,27-05-16,0657-2230419,Commissioned,cctns_6572230419@jkd.cctns.in,10.13.99.61,
JSR,Jamshedpur,Kadma   ,PS,2,800,Yes,Yes,LL/ 2 Mbps,,27-05-16,0657-2230153,Commissioned,cctns_6572230153@jkd.cctns.in,10.13.99.62,
JSR,Jamshedpur,Sonari   ,PS,2,800,Yes,Yes,LL/ 2 Mbps,,27-05-16,0657-2230277,Commissioned,cctns_6572230277@jkd.cctns.in,10.13.99.60,
JSR,Jamshedpur,Mango   ,PS,2,800,Yes,No,LL/ 2 Mbps,,12-10-13,0657-2360175,Commissioned,cctns_0672360175@jkd.cctns.in,10.13.99.54,
JSR,Jamshedpur,Azadnagar   ,PS,2,1900,Yes,Yes,RF-AIRTEL,VPNODongal-JIO,09.1.2019,,Commissioned,,,
JSR,Jamshedpur,SC/ST PS,PS,,,No,No,P2P/UTP,,06.03.2019,,Commissioned,,,
JSR,Jamshedpur,Mahila JSR,PS,,,No,No,VPNODongal-JIO,,1.4.2019,,Commissioned,,,
JSR,Jamshedpur,Cyber PS,PS,,,No,No,VPNODongal-JIO,,6.3.2019,,Commissioned,,,
JSR,Jamshedpur,Olidih ,PS,2,,No,No,VPNoBB,,06-05-13,0657-2650500,Commissioned,cctns_6572650500@jkd.cctns.in,10.13.99.40,
DMK,Jamtara,Jamtara Nagar P.S,PS,1,1900+800,Yes,Yes,LL/ 2 Mbps,,01-04-13,06435-220095,Commissioned,jtr_tb_sb@jkd.cctns.in,10.17.150.22,
DMK,Jamtara,Nala  ,PS,2,1900,No,Yes,VPNoBB,VPNODongal-JIO,17-05-13,06428-229547,Commissioned,id6428229547_vpn@jkd.cctns.in ,10.122.66.138,
DMK,Jamtara,Phatehpur,PS,2,1900,Yes,No,VPNODongal-JIO,,,,Commissioned,,,
DMK,Jamtara,Mihijam  ,PS,2,1900,Yes,Yes,RF-AIRTEL,,,,Commissioned,id6433229007_vpn@jkd.cctns.in ,10.11.88.239,
DMK,Jamtara,Kundahit ,PS,2,1900+800,No,Yes,VPNoBB,VPNODongal-JIO,16-05-13,06428-238289,Commissioned,id6428238289_vpn@jkd.cctns.in ,10.122.66.140,
DMK,Jamtara,Karmatand,PS,2,1900,Yes,Yes,RF-AIRTEL,,10-09-18,,Commissioned,id6433229004_vpn@jkd.cctns.in ,10.11.88.238,
DMK,Jamtara,Bagdehri ,PS,2,1900,No,Yes,VPNODongal-JIO,,,,Commissioned,id6433229002_vpn@jkd.cctns.in ,10.11.88.246,
DMK,Jamtara,Bindapathar ,PS,2,1900,Yes,Yes,RF-AIRTEL,,,,Commissioned,id6433229003_vpn@jkd.cctns.in ,10.11.88.247,
DMK,Jamtara,Narayanpur ,PS,2,1900,Yes,Yes,RF-AIRTEL,,10-09-18,,Commissioned,,,
DMK,Jamtara,SC/ST PS,PS,,,No,No,P2P/UTP,VPNODongal-JIO,,,Commissioned,,,
DMK,Jamtara,Mahila,PS,,,No,No,P2P/UTP,,3.4.2019,,Commissioned,,,
DMK,Jamtara,Cyber PS,PS,,,No,No,P2P/UTP,,5.3.2019,,Commissioned,,,
RCH,Khunti,Khunti Nagar P.S               ,PS,1,1900+800,Yes,Yes,LL/ 2 Mbps,,13-12-12,06528-220522,Commissioned,rch_khu_ps@jkd.cctns.in,10.11.88.61,
RCH,Khunti,Rania,PS,1,1900,No,Yes,VPNoBB,VPNoDongle - Airtel,19-10-12,06538-278221,Commissioned,rch_ran_sb@jkd.cctns.in,10.11.88.36,
RCH,Khunti,Murhu ,PS,1,1900+800,Yes,Yes,LL/ 2 Mbps,,11-10-12,06538-274422,Commissioned,rch_mrh_ps@jkd.cctns.in,10.11.88.49,
RCH,Khunti,Karra ,PS,1,1900,No,Yes,VPNoBB,VPNODongal-JIO,13-10-12,06528-271125,Commissioned,rch_krr_sb@jkd.cctns.in,10.11.88.39,
RCH,Khunti,Arki ,PS,1,1900,No,Yes,VPNODongal-JIO,,30.3.2019,06530-256108,Commissioned,erki_ps@jkd.cctns.in,10.8.198.66,
RCH,Khunti,Torpa ,PS,1,1900,No,Yes,VPNoBB,VPNODongal-JIO,19-10-12,06538-233052,Commissioned,rch_top_sb2@jkd.cctns.in,10.11.88.38,
RCH,Khunti,Mahila & Child Protection PS,PS,,,No,No,P2P/UTP,VPNODongal-JIO,19.3.2019,,Commissioned,,,
RCH,Khunti,SC/ST PS,PS,,,No,No,P2P/UTP,VPNODongal-JIO,,,Commissioned,,,
RCH,Khunti,Jariyagarh,PS,,,No,No,VPNODongal-JIO,,,,Commissioned,,,
RCH,Khunti,Marhangada,PS,,,No,No,VPNODongal-JIO,,,,Commissioned,,,
RCH,Khunti,Saiko,PS,,,No,No,VPNODongal-JIO,,,,Commissioned,,,
RCH,Khunti,Tapkara,PS,,,No,No,VPNODongal-JIO,,,,Commissioned,,,
RCH,Khunti,AHTU,PS,,,No,No,P2P/UTP,VPNODongal-JIO,,,Commissioned,,,
HZB,Koderma,Kodarma  Nagar P.S,PS,1,1900,Yes,Yes,LL/ 2 Mbps,,01-04-13,06534-252013,Commissioned,kod_ps@jkd.cctns.in,10.11.88.72,
HZB,Koderma,Jainagar  ,PS,2,1900+800,No,Yes,VPNoBB,,30-04-13,06534-262343,Commissioned,vpn_jnr_ps@jkd.cctns.in,10.123.224.132,
HZB,Koderma,Nawalsahi ,PS,2,,No,No,VPNODongal-JIO,,30.3.2019,,Commissioned,,,
HZB,Koderma,Dhab ,PS,2,1900,Yes,No,RF-Airtel,,12.01.2019,,Commissioned,,,
HZB,Koderma,Domchanch,PS,2,1900,No,No,VPNODongal-JIO,,31.3.2019,,Commissioned,,,
HZB,Koderma,Tilaiya ,PS,2,1900,Yes,Yes,LL/ 2 Mbps,,06-12-16,,Commissioned,,,
HZB,Koderma,Rail,PS,2,1900,No,Yes,LL/ 2 Mbps,,25-12-13,6534227383,Commissioned,vpn_kdm_ps1@jkd.cctns.in,10.11.92.11,
HZB,Koderma,Chandwara  ,PS,2,1900,Yes,Yes,LL/ 2 Mbps,,20-06-16,,Commissioned,,,
HZB,Koderma,Satgawan  ,PS,2,1900,Yes,Yes,RF-Airtel,,14-11-18,,Commissioned,,,
HZB,Koderma,Markacho  ,PS,2,1900,Yes,No,RF-Airtel,,15-10-18,,Commissioned,,,
HZB,Koderma,Mahila,PS,2,,,,P2P/UTP,,20.02.2020,,Commissioned,,,
HZB,Koderma,SC/ST,PS,2,,,,P2P/UTP,,,,Commissioned,,,
DTJ,Latehar,Latehar Nagar P.S,PS,1,1900+800,Yes,Yes,LL/ 2 Mbps,VPNODongal-JIO,31-12-12,06565-247324,Commissioned,ltr_ds_th@jkd.cctns.in,10.11.88.68,
DTJ,Latehar,Balumath ,PS,2,1900+800,Yes,Yes,RF-Airtel,VPNODongal-JIO,14-11-18,06568-267154,Commissioned,id6568267154_bmcps@jkd.cctns.in,10.11.88.158,
DTJ,Latehar,Netarhat ,PS,2,1900,Yes,Yes,VPNODongal-JIO,,,,Commissioned,netarhat_ps@jkd.cctns.in,10.11.92.9,
DTJ,Latehar,Mahuwatand,PS,2,1900+800,Yes,NO,RF-Airtel,VPNODongal-JIO,31-05-13,06569-252248,Commissioned,id6569252248_mdrps@jkd.cctns.in,10.11.88.166,
DTJ,Latehar,Garoo ,PS,2,1900+800,No,Yes,VPNoBB,,30-05-13,06569-242236,Commissioned,id6569242236_garps@jkd.cctns.in,10.11.88.167,
DTJ,Latehar,Chhipadohar ,PS,2,1900,Yes,Yes,RF-AIRTEL,VPNODongal-JIO,15-11-18,,Commissioned,,,
DTJ,Latehar,Baresarh ,PS,2,,No,Yes,Not Feasible,,,,Not Feasible,,,
DTJ,Latehar,Manika  ,PS,2,1900,Yes,Yes,LL/ 2 Mbps,VPNODongal-JIO,27-09-16,,Commissioned,,,
DTJ,Latehar,Chandwa ,PS,2,1900,Yes,Yes,LL/ 2 Mbps,VPNODongal-JIO,23-09-16,,Commissioned,,,
DTJ,Latehar,Barwadih ,PS,2,1900,Yes,No,RF-AIRTEL,VPNODongal-JIO,22-11-18,,commissioned,,,
DTJ,Latehar,SC/ST PS,PS,,,No,No,P2P/UTP,VPNODongal-JIO,6.3.2019,,Commissioned,,,
DTJ,Latehar,Mahila Latehar,PS,,,No,No,P2P/UTP,VPNODongal-JIO,6.3.2019,,Commissioned,,,
DTJ,Latehar,Mahila Mahuatand,PS,,,No,No,VPNODongal-JIO,,29.3.2019,,Commissioned,,,
RCH,Lohardaga,Lohardaga Nagar P.S,PS,1,1900,Yes,Yes,LL/ 2 Mbps,,24-12-12,06526-224067,Commissioned,rch_loh_ps@jkd.cctns.in,10.11.88.64,
RCH,Lohardaga,Kuru ,PS,2,1900,Yes,Yes,LL/ 2 Mbps,,25-04-13,06526-271201,Commissioned,rch_kur_ps@jkd.cctns.in,10.11.88.92,
RCH,Lohardaga,Jobang ,PS,2,1900,Yes,Yes,RF-Airtel,,14-11-18,,Commissioned,jobang_ps@jkd.cctns.in,10.11.88.133,
RCH,Lohardaga,Pesrar,PS,2,,,,Not Feasible,,,,Not Feasible,,,
RCH,Lohardaga,Serenadag ,PS,2,1900,No,Yes,VPNODongal-JIO,,30.3.2019,,Commissioned,serenadeg_ps@jkd.cctns.in,10.11.88.132,
RCH,Lohardaga,Bagru ,PS,2,800,Yes,Yes,RF-Airtel,VPNODongal-JIO,30.3.2019,,Commissioned,,,
RCH,Lohardaga,Senha ,PS,2,1900,Yes,Yes,LL/ 2 Mbps,,13-06-16,,Commissioned,,,
RCH,Lohardaga,Bhandra,PS,2,1900,Yes,Yes,LL/ 2 Mbps,,06-11-16,,Commissioned,,,
RCH,Lohardaga,Kairo,PS,2,1900,Yes,Yes,RF-AIRTEL,,11-01-18,,Commissioned,,,
RCH,Lohardaga,Kisko,PS,2,1900,Yes,Yes,LL/ 2 Mbps,,06-10-16,,Commissioned,,,
RCH,Lohardaga,Mahila Lohardaga,PS,,,No,No,P2P/UTP,VPNODongal-JIO,1.4.2013,,Commissioned,,,
RCH,Lohardaga,SC/ST PS,PS,,,No,No,P2P/UTP,VPNODongal-JIO,1.4.2013,,Commissioned,,,
RCH,Lohardaga,Ahatu PS,PS,,,No,No,P2P/UTP,,,,Commissioned,,,
DMK,Pakur,Pakur Nagar P.S,PS,1,1900,Yes,Yes,LL/ 2 Mbps,,01-10-13,06435-220095,Commissioned,pkr_tb_sb@jkd.cctns.in,10.17.150.21,
DMK,Pakur,Hiranpur  ,PS,2,1900,Yes,Yes,RF-AIRTEL,VPNODongal-JIO,10-06-18,,Commissioned,id6435229001_vpn@jkd.cctns.in ,10.11.88.226,
DMK,Pakur,Amrapara  ,PS,2,1900,No,Yes,VPNoDongle - Airtel,,8.3.2019,,Commissioned,id6423229002_vpn@jkd.cctns.in ,10.11.88.224,
DMK,Pakur,Pakuria ,PS,2,1900,Yes,Yes,RF-AIRTEL,VPNoDongle - Airtel,10-06-18,,Commissioned,id6423229003_vpn@jkd.cctns.in ,10.11.88.225,
DMK,Pakur,Muffasil  ,PS,2,1900,Yes,Yes,RF-AIRTEL,VPNODongal-JIO,11-12-18,,Commissioned,,,
DMK,Pakur,Littipara ,PS,2,1900,Yes,Yes,RF-AIRTEL,VPNoDongle - Airtel,10-06-18,,Commissioned,,,
DMK,Pakur,Maheshpur  ,PS,2,1900,Yes,Yes,RF-AIRTEL,,24.12.2018,,Commissioned,,,
DMK,Pakur,Mahila,PS,,,No,Yes,P2P/UTP,,6.3.2019,,Commissioned,,,
DMK,Pakur,ST/SC ,PS,2,,,,P2P/UTP,,20.02.2020,,Commissioned,,,
DTJ,Palamau,AHTU,PS,,,No,Yes,P2P/UTP,,,,Commissioned,,,
DTJ,Palamau,Bisrampur ,PS,2,1900,No,Yes,VPNODongal-JIO,,30.3.2019,,Commissioned,id6584279111@jkd.cctns.in,10.11.88.156,
DTJ,Palamau,Chainpur  ,PS,2,1900,No,Yes,VPNoBB,,16-05-13,06586-251055,Commissioned,id6586251055_chnps@jkd.cctns.in,10.11.88.165,
DTJ,Palamau,Chhattarpur ,PS,2,1900,No,Yes,VPNoBB,VPNODongal-JIO,06-05-13,,Commissioned,,,
DTJ,Palamau,Cyber PS,PS,,,No,Yes,VPNODongal-JIO,,18.3.2019,,Commissioned,,,
DTJ,Palamau,Haidernagar ,PS,2,1900,No,Yes,VPNODongal-JIO,,06-11-13,06566-232603,Commissioned,id6566232603_hnrps@jkd.cctns.in,10.11.88.171,
DTJ,Palamau,Hariharganj ,PS,2,1900,No,Yes,VPNoBB,,23-08-13,06566-251290,Commissioned,id6566251290_hngps@jkd.cctns.in,10.11.88.179,
DTJ,Palamau,Hussainabad  ,PS,2,1900,No,Yes,VPNoBB,VPNODongal-JIO,06-03-13,06566-222012,Commissioned,id6566222012_jplth@jkd.cctns.in,10.11.88.252,
DTJ,Palamau,Lesliganj  ,PS,2,1900,No,Yes,VPNoBB,,25-05-13,06562-282624,Commissioned,id6562282624_lslps@jkd.cctns.in,10.11.88.164,
DTJ,Palamau,Mahila Chattarpur,PS,,,No,Yes,P2P/UTP,VPNODongal-JIO,,,Commissioned,,,
DTJ,Palamau,Mahila Hussainabad,PS,,,No,Yes,P2P/UTP,VPNODongal-JIO,,,Commissioned,,,
DTJ,Palamau,Mahila Palamu,PS,,,No,Yes,P2P/UTP,,,,Commissioned,,,
DTJ,Palamau,Manatu ,PS,2,1900,Yes,Yes,RF-Airtel,,11-01-18,,Commissioned,,,
DTJ,Palamau,Mohamadganj  ,PS,2,1900,No,Yes,VPNODongal-JIO,,26-08-13,6566242402,Commissioned,id6566242402_mdgps@jkd.cctns.in,,
DTJ,Palamau,Nawabazar,PS,2,,Yes,Yes,VPNODongal-JIO,,19.3.2019,,Commissioned,,,
DTJ,Palamau,"Nawadia Bazar, Nawadih",PS,2,1900,Yes,Yes,VPNODongal-JIO,,19.3.2019,,Commissioned,,,
DTJ,Palamau,Nawajaipur ,PS,2,1900,Yes,Yes,RF-Airtel,,28-11-18,,Commissioned,,,
DTJ,Palamau,Padwa,PS,2,,No,Yes,VPNoBB,,24-06-13,06560-289406,Commissioned,id6560289406_pdwps@jkd.cctns.in,10.11.88.177,
DTJ,Palamau,Palamu Nagar  PS,PS,1,800,Yes,No,LL/ 2 Mbps,,31-12-12,06562-227043,Commissioned,pal_ds_th@jkd.cctns.in,10.11.88.66,
DTJ,Palamau,Pandu  ,PS,2,1900,Yes,Yes,RF-Airtel,,13-12-18,,Commissioned,id6584279104_pndps@jkd.cctns.in,10.11.88.182,
DTJ,Palamau,Panki  ,PS,2,1900,No,Yes,VPNoBB,,31-05-13,06562-262226,Commissioned,id6562262226_pnkps@jkd.cctns.in,10.11.88.173,
DTJ,Palamau,Patan  ,PS,2,1900,No,Yes,VPNoBB,,24-06-13,06560-279427,Commissioned,id6560279427_ptnps@jkd.cctns.in,,
DTJ,Palamau,Pipara,PS,2,,Yes,No,VPNODongal-JIO,,,,Commissioned,,,
DTJ,Palamau,Pipratand ,PS,2,1900,Yes,Yes,RF-Airtel,VPNODongal-JIO,18.3.2019,,Commissioned,id6562279113_ptdps@jkd.cctns.in,10.8.198.70,
DTJ,Palamau,Rail,PS,2,1900,Yes,Yes,LL/ 2 Mbps,,30-12-16,,Commissioned,,,
DTJ,Palamau,Ramgarh  ,PS,2,1900,Yes,Yes,VPNODongal-JIO,,18.3.2019,,Commissioned,id6586279111_rghps@jkd.cctns.in,10.11.88.161,
DTJ,Palamau,Rehla  ,PS,2,1900,No,Yes,VPNoBB,,05-10-13,06584-262750,Commissioned,id6584262750_rhlps@jkd.cctns.in,10.11.88.157,
DTJ,Palamau,Sadar PS Palamau,PS,2,1900,Yes,No,RF-Airtel,,23-11-18,,Commissioned,,,
DTJ,Palamau,Satbarwa,PS,,,No,Yes,VPNODongal-JIO,,19.3.2019,,Commissioned,,,
DTJ,Palamau,SC/ST PS,PS,,,No,Yes,P2P/UTP,,6.3.2019,,Commissioned,,,
DTJ,Palamau,Tarhasi,PS,2,1900,Yes,Yes,RF-Airtel,,11-01-18,,Commissioned,id6562279111@jkd.cctns.in,10.11.88.162,
DTJ,Palamau,Untari Road,PS,2,800,Yes,No,RF-Airtel,,12-11-18,,Commissioned,id6561279115@jkd.cctns.in,,
RCH,PHQ,ATS-PHQ,PS,2,800,Yes,No,LL/10 Mbps,,,,Commissioned,,,
HZB,Ramgarh,Ramgarh Nagar P.S,PS,1,1900,Yes,Yes,LL/ 2 Mbps,,01-03-13,06553-221020,Commissioned,ram_ps@jkd.cctns.in,10.11.88.75,
HZB,Ramgarh,Gola ,PS,2,1900,No,Yes,VPNoBB,,18-04-13,06553-274208,Commissioned,vpn_gla_ps@jkd.cctns.in,10.123.224.134,
HZB,Ramgarh,Rajrappa ,PS,2,1900+800,No,Yes,VPNODongal-JIO,Bharatnet,13.3.2019,,Commissioned,wimaxvpn_rajrappa@jkd.cctns.in,10.11.88.120,
HZB,Ramgarh,Barlanga ,PS,2,1900+800,No,Yes,VPNODongal-JIO,Bharatnet,25.2.2019,,Commissioned,wimaxvpn_barlanga@jkd.cctns.in,10.11.88.170,
HZB,Ramgarh,Mandu ,PS,2,1900,Yes,Yes,RF-AIRTEL,Bharatnet,10-04-18,,Commissioned,,,
HZB,Ramgarh,Patratu ,PS,2,1900,Yes,Yes,LL/ 2 Mbps,,24-09-16,,Commissioned,,,
HZB,Ramgarh,Basal  ,PS,2,1900,Yes,Yes,LL/ 2 Mbps,,21-09-16,,Commissioned,,,
HZB,Ramgarh,Barkakana Rail,PS,2,1900,Yes,No,RF-AIRTEL,,13-10-18,,Commissioned,,,
HZB,Ramgarh,SC/ST PS,PS,,,No,No,P2P/UTP,,6.3.2019,,Commissioned,,,
HZB,Ramgarh,Mahila ,PS,,,No,No,P2P/UTP,VPNODongal-JIO,6.3.2019,,Commissioned,,,
RCH,Ranchi,Hindpiri,PS,1,800,Yes,Yes,LL/ 2 Mbps,,25-05-16,,Commissioned,,,
RCH,Ranchi,Angara ,PS,1,1900+800,No,Yes,VPNoBB,,20-10-12,06522-262025,Commissioned,rch_aga_sb@jkd.cctns.in,10.11.88.29,
RCH,Ranchi,Argora ,PS,1,800,Yes,Yes,LL/ 2 Mbps,,27-05-16,,Commissioned,,,
RCH,Ranchi,Bariatu ,PS,1,800,Yes,Yes,LL/ 2 Mbps,,28-05-16,,Commissioned,,,
RCH,Ranchi,Bero ,PS,1,1900,No,Yes,VPNoBB,,21-09-12,06529-255003,Commissioned,rch_ber_sb@jkd.cctns.in,10.11.88.32,
RCH,Ranchi,Budmu,PS,1,1900+800,No,Yes,VPNoBB,,24-09-12,06531-274011,Commissioned,rch_bur_sb@jkd.cctns.in,10.11.88.34,
RCH,Ranchi,Bundu ,PS,1,1900,No,Yes,VPNoBB,,25-09-12,06530-255041,Commissioned,rch_bun_sb@jkd.cctns.in,10.11.88.40,
RCH,Ranchi,Chanho,PS,1,1900+800,Yes,Yes,RF-Airtel,,10-04-18,06531-274784,Commissioned,rch_cha_sb@jkd.cctns.in,10.11.88.31,
RCH,Ranchi,Chutia ,PS,1,800,Yes,Yes,LL/ 2 Mbps,,11-06-12,,Commissioned,,,
RCH,Ranchi,D. Market ,PS,1,800,Yes,Yes,LL/ 2 Mbps,,30-05-16,,Commissioned,,,
RCH,Ranchi,Dhurwa ,PS,1,800,Yes,Yes,LL/ 2 Mbps,,06-01-16,0651-2445590,Commissioned,rch_dhu_ps@jkd.cctns.in,10.11.88.59,
RCH,Ranchi,Doranda ,PS,1,800,Yes,Yes,LL/ 2 Mbps,,06-01-16,0651-2481030,Commissioned,rch_dor_ps@jkd.cctns.in,10.11.88.56,
RCH,Ranchi,Gonda ,PS,1,1900+800,Yes,Yes,LL/ 2 Mbps,,06-02-16,,Commissioned,,,
RCH,Ranchi,Hatia Rail,PS,1,1900+800,Yes,Yes,LL/ 2 Mbps,,06-02-16,0651-2600110,Commissioned,rch_drm_ps@jkd.cctns.in,10.11.88.70,
RCH,Ranchi,Itki ,PS,1,1900,No,Yes,VPNoBB,,24-09-12,06528-227011,Commissioned,rch_itk_sb@jkd.cctns.in,10.11.88.33,
RCH,Ranchi,Jagarnathpur ,PS,1,800,Yes,Yes,LL/ 2 Mbps,,06-02-16,,Commissioned,,,
RCH,Ranchi,Kanke ,PS,1,1900+800,Yes,Yes,LL/ 2 Mbps,,06-02-16,0651-2450117,Commissioned,rch_knk_ps@jkd.cctns.in,10.11.88.22,
RCH,Ranchi,Khalari,PS,1,1900,No,Yes,VPNoBB,,19-10-12,06531-246014,Commissioned,rch_khe_ps@jkd.cctns.in,10.11.88.45,
RCH,Ranchi,Kotwali ,PS,1,800,Yes,Yes,LL/ 2 Mbps,,06-02-16,,Commissioned,,,
RCH,Ranchi,Lalpur ,PS,1,800,Yes,Yes,LL/ 2 Mbps,,06-02-16,,Commissioned,,,
RCH,Ranchi,Lapung,PS,1,1900+800,No,Yes,VPNoBB,,11-07-12,06529-271023,Commissioned,rch_lap_ps@jkd.cctns.in,10.11.88.44,
RCH,Ranchi,Lower Bazar ,PS,1,800,Yes,Yes,LL/ 2 Mbps,,06-03-16,0651-2351003,Commissioned,rch_low_ps@jkd.cctns.in,10.11.88.54,
RCH,Ranchi,Mahila,PS,1,,Yes,Yes,P2P/UTP,VPNODongal-JIO,11-08-12,,Commissioned,,,
RCH,Ranchi,Makluskigunj ,PS,1,1900+800,No,Yes,VPNoBB,,25-09-12,06531-276018,Commissioned,rch_mcg_sb@jkd.cctns.in,10.11.88.35,
RCH,Ranchi,Mandar ,PS,1,1900+800,Yes,Yes,LL/ 2 Mbps,,06-03-16,06531-224550,Commissioned,rch_man_ps@jkd.cctns.in,10.11.88.48,
RCH,Ranchi,Nagari,PS,1,1900,No,Yes,VPNoBB,VPNODongal-JIO,25-09-12,0651-2775011,Commissioned,rch_ngr_sb@jkd.cctns.in,10.11.88.41,
RCH,Ranchi,Namkum ,PS,1,800,Yes,Yes,LL/ 2 Mbps,,06-03-16,0651-2261400,Commissioned,rch_nkm_ps@jkd.cctns.in,10.11.88.57,
RCH,Ranchi,Narkopi ,PS,1,1900+800,Yes,Yes,RF-Airtel,,16-10-18,06529-255028,Commissioned,rch_nar_ps@jkd.cctns.in,10.11.88.63,
RCH,Ranchi,Ormanjhi ,PS,1,1900+800,Yes,Yes,RF-Airtel,,16-10-18,0651-2576001,Commissioned,rch_omj_ps@jkd.cctns.in,10.11.88.47,
RCH,Ranchi,Pithoria ,PS,1,1900+800,Yes,Yes,RF-Airtel,VPNODongal-JIO,12-01-18,,Commissioned,rch_pit_ps@jkd.cctns.in,10.11.88.53,
RCH,Ranchi,Ranchi Rail,PS,1,800,Yes,Yes,LL/ 2 Mbps,,06-03-16,,Commissioned,,,
RCH,Ranchi,Ratu ,PS,1,800,Yes,Yes,LL/ 2 Mbps,,06-03-16,,Commissioned,,,
RCH,Ranchi,Sikidiri ,PS,1,1900+800,No,Yes,VPNoBB,,18-10-12,06522-266011,Commissioned,rch_sik_sb@jkd.cctns.in,10.11.88.28,
RCH,Ranchi,Silli ,PS,1,1900+800,No,Yes,VPNoBB,,18-10-12,06522-244064,Commissioned,rch_mur_sb@jkd.cctns.in,10.11.88.30,
RCH,Ranchi,Sonahatu,PS,1,1900+800,Yes,Yes,RF-Airtel,,24-11-18,06530-254044,Commissioned,rch_son_ps@jkd.cctns.in,10.11.88.52,
RCH,Ranchi,ST/SC ,PS,1,800,Yes,Yes,LL/ 2 Mbps,,06-04-16,0651-2217010,Commissioned,rch_stsc_ps@jkd.cctns.in,10.11.88.51,
RCH,Ranchi,Sukhdeo Nagar,PS,1,800,Yes,Yes,LL/ 2 Mbps,,06-04-16,,Commissioned,,,
RCH,Ranchi,Tamar ,PS,1,1900+800,No,Yes,VPNoBB,,11-06-12,06530-252458,Commissioned,rch_tam_ps@jkd.cctns.in,10.11.88.46,
RCH,Ranchi,Tatisilway ,PS,1,1900+800,Yes,Yes,LL/ 2 Mbps,,06-06-16,0651-2265779,Commissioned,rch_tsl_ps@jkd.cctns.in,10.11.88.55,
RCH,Ranchi,Thakur Gaown,PS,1,,No,No,VPNODongal-JIO,,1.4.2019,,Commissioned,rch_rat_ps@jkd.cctns.in,10.11.88.42,
RCH,Ranchi,Sadar ,PS,1,800,Yes,Yes,LL/ 2 Mbps,,06-06-16,0651-2544635,Commissioned,rch_rmc_ps@jkd.cctns.in,10.11.88.50,
RCH,Ranchi,"Rail,Muri",PS,2,1900+800,Yes,Yes,LL/ 2 Mbps,,06-06-16,,Commissioned,,,
RCH,Ranchi,Khelgaon,PS,2,,No,No,VPNODongal-JIO,,2.4.2019,,Commissioned,,,
RCH,Ranchi,Cyber PS,PS,2,,No,No,P2P/UTP,,2.4.2019,,Commissioned,,,
RCH,Ranchi,AHTU,PS,2,,No,No,P2P/UTP,,2.4.2019,,Commissioned,,,
RCH,Ranchi,Mahila & Child Protection PS Bundu,PS,2,,No,No,VPNODongal-JIO,,2.4.2019,,Commissioned,,,
RCH,Ranchi,DsamFall,PS,1,,No,No,VPNODongal-JIO,,2.4.2019,,Commissioned,,,
DMK,Sahibganj,Sahibganj Nagar P.S,PS,1,1900+800,Yes,Yes,LL/ 2 Mbps,,01-05-13,06436-222281,Commissioned,sbj_tb_sb@jkd.cctns.in,10.17.150.19,
DMK,Sahibganj,Taljhari  ,PS,2,1900,Yes,Yes,RF-AIRTEL,,16-11-18,06426-246215,Commissioned,,,
DMK,Sahibganj,Borio ,PS,2,1900,Yes,Yes,RF-AIRTEL,,10-05-18,06436-252078,Commissioned,,,
DMK,Sahibganj,Rajmahal  ,PS,2,1900,No,Yes,VPNoBB,VPNODongal-JIO,06-06-13,06426-228020,Commissioned,id6426228020_vpn@jkd.cctns.in ,10.122.66.149,
DMK,Sahibganj,Barharwa ,PS,2,1900,Yes,Yes,RF-AIRTEL,,10-05-18,,commissioned,id626229010_vpn@jkd.cctns.in ,10.11.88.240,
DMK,Sahibganj,Barhet  ,PS,2,1900,Yes,Yes,RF-AIRTEL,,15-11-18,06436-268680,Commissioned,id6436268680_vpn@jkd.cctns.in ,10.17.150.52,
DMK,Sahibganj,Radhanagar ,PS,2,1900,Yes,Yes,RF-AIRTEL,,16-11-18,,Commissioned,id6426229011_vpn@jkd.cctns.in ,10.11.88.241,
DMK,Sahibganj,Kotalpokhar ,PS,2,1900,Yes,Yes,RF-AIRTEL,,,,Commissioned,id6426229012_vpn@jkd.cctns.in ,10.11.88.242,
DMK,Sahibganj,Ranga ,PS,2,1900,Yes,Yes,VPNODongal-JIO,,4.3.2019,,Commissioned,id6426229013_vpn@jkd.cctns.in ,10.11.88.243,
DMK,Sahibganj,Rail,PS,2,1900,Yes,Yes,LL/ 2 Mbps,,23-08-16,,Commissioned,,,
DMK,Sahibganj,Barharwa Rail,PS,2,1900,Yes,No,RF-AIRTEL,,,,Commissioned,,,
DMK,Sahibganj,Mirzachauki ,PS,2,1900,Yes,Yes,LL/ 2 Mbps,,25-08-16,,Commissioned,,,
DMK,Sahibganj,Muffasil,PS,2,1900,Yes,Yes,RF-AIRTEL,,16-11-18,,Commissioned,,,
DMK,Sahibganj,SC/ST PS,PS,,,No,No,P2P/UTP,,6.3.2019,,Commissioned,,,
DMK,Sahibganj,Mahila Sahebganj,PS,,,No,No,P2P/UTP,VPNODongal-JIO,6.3.2019,,Commissioned,,,
DMK,Sahibganj,Tinpahar,PS,,,No,No,VPNODongal-JIO,,12.2.2019,,Commissioned,,,
JSR,Saraikela,Seraikela Nagar P.S,PS,1,1900+800,Yes,Yes,LL/ 2 Mbps,VPNODongal-JIO,29-12-12,06597-234143,Commissioned,cctns_6597234143@jkd.cctns.in,10.13.99.6,
JSR,Saraikela,Adityapur P.S,PS,2,,No,Yes,VPNoBB,VPNODongal-JIO,16-04-13,0657-2370020,Commissioned,cctns_6572370020@jkd.cctns.in,10.13.99.17,
JSR,Saraikela,Chandil  P.S,PS,2,1900,No,Yes,VPNoBB,VPNODongal-JIO,27-04-13,06591-234844,Commissioned,cctns_6591236844@jkd.cctns.in,10.13.99.15,
JSR,Saraikela,Nimdih   P.S,PS,2,1900,No,Yes,VPNoBB,VPNODongal-JIO,05-08-13,06591-233335,Commissioned,cctns_6591233335@jkd.cctns.in,10.13.99.30,
JSR,Saraikela,Chandil Rail,PS,2,1900,No,Yes,VPNODongal-JIO,,11.3.2019,,Commissioned,cctns_6591293845@jkd.cctns.in,10.11.88.12,
JSR,Saraikela,Chouka   P.S,PS,2,1900,Yes,Yes,RF-AIRTEL,VPNODongal-JIO,25.12.2018,,Commissioned,cctns_6591293831@jkd.cctns.in,10.11.92.5,
JSR,Saraikela,Tiruldih   P.S,PS,2,1900,Yes,Yes,RF-AIRTEL,VPNODongal-JIO,22-10-18,,Commissioned,,,
JSR,Saraikela,Ichagarh  P.S,PS,2,1900,Yes,Yes,RF-AIRTEL,VPNODongal-JIO,10-09-18,,Commissioned,,,
JSR,Saraikela,Kharsawan P.S,PS,2,1900,No,Yes,VPNoBB,VPNODongal-JIO,06-06-13,06583-254922,Commissioned,cctns_6583254922@jkd.cctns.in,10.13.99.44,
JSR,Saraikela,Kuchai P.S,PS,2,1900,No,Yes,VPNoBB,VPNODongal-JIO,31-05-13,06583--253231,Commissioned,cctns_6583253231@jkd.cctns.in,10.13.99.38,
JSR,Saraikela,Rajnagar P.S,PS,2,1900+800,Yes,Yes,RF-AIRTEL,VPNODongal-JIO,10-05-18,,Commissioned,cctns_6597293844@jkd.cctns.in,10.11.92.3,
JSR,Saraikela,Kandra  P.S,PS,2,1900,Yes,Yes,RF-AIRTEL,VPNODongal-JIO,10-09-18,,Commissioned,,,
JSR,Saraikela,Gamharia P.S,PS,2,1900,Yes,Yes,RF-AIRTEL,VPNODongal-JIO,10-08-18,,Commissioned,cctns_6572944182@jkd.cctns.in,10.11.92.15,
JSR,Saraikela,"RIT, Jamshedpur",PS,2,800,Yes,Yes,LL/ 2 Mbps,VPNODongal-JIO,12-12-13,0657-2370273,Commissioned,cctns_6572370273@jkd.cctns.in,10.13.99.57,
JSR,Saraikela,SC/ST PS,PS,,,No,No,P2P/UTP,VPNODongal-JIO,5.3.2019,,Commissioned,,,
JSR,Saraikela,Mahila & Child Protection PS ,PS,,,No,No,P2P/UTP,VPNODongal-JIO,5.3.2019,,Commissioned,,,
RCH,Simdega,Simdega Nagar P.S ,PS,1,1900,Yes,Yes,LL/ 2 Mbps,,31-12-12,06525-225351,Commissioned,rch_sim_ps@jkd.cctns.in,10.11.88.71,
RCH,Simdega,Kolebira,PS,2,1900+800,Yes,Yes,VPNODongal-JIO,,23-03-13,06527-265456,Commissioned,kolebira_ps@jkd.cctns.in,10.11.88.129,
RCH,Simdega,Jaldega ,PS,2,1900,Yes,Yes,RF-AIRTEL,,04-05-19,06527-277223,Commissioned,jaldega_ps@jkd.cctns.in,10.11.88.127,
RCH,Simdega,T.Tanger ,PS,2,1900+800,No,Yes,VPNoBB,VPNODongal-JIO,12.02.2019,06525-273131,Commissioned,thetaitanger_ps@jkd.cctns.in,10.11.88.128,
RCH,Simdega,Kersai,PS,2,1900,Yes,Yes,RF-AIRTEL,,30-11-18,,Commissioned,kersai_ps@jkd.cctns.in,10.11.88.142,
RCH,Simdega,Bolwa ,PS,2,1900,Yes,No,Not Feasible,,,,Not Feasible,rch_bol_ps@jkd.cctns.in,10.11.88.88,
RCH,Simdega,Mahabuang ,PS,2,800,No,No,P2P/UTP,VPNODongal-JIO,1.4.2019,,Commissioned,mahabuang_ps@jkd.cctns.in,10.11.88.121,
RCH,Simdega,Rengari,PS,2,800,No,No,VPNoDongle - Airtel,,14.2.2019,,Commissioned,rengari_ps@jkd.cctns.in,10.11.88.123,
RCH,Simdega,Pakartand,PS,2,1900,Yes,Yes,VPNODongal-JIO,,1.4.2019,,Commissioned,pakartand_ps@jkd.cctns.in,10.11.88.122,
RCH,Simdega,Muffasil ,PS,2,800,Yes,No,P2P/UTP,,,,Commissioned,,,
RCH,Simdega,Kurdeg ,PS,2,1900,No,Yes,VPNoDongle - Airtel,,14.2.2019,,Commissioned,,,
RCH,Simdega,Bano ,PS,2,1900,Yes,Yes,LL/ 2 Mbps,,01-03-17,,Commissioned,,,
RCH,Simdega,Mahila,PS,,,No,No,P2P/UTP,VPNODongal-JIO,12.2.2019,,Commissioned,,,
RCH,Simdega,SC/ST PS,PS,,,No,No,VPNODongal-JIO,,28.3.2019,,Commissioned,,,
RCH,Simdega,AHTU,PS,,,No,No,VPNODongal-JIO,,28.3.2019,,Commissioned,,,
DHN,Bokaro,Bermo  CI,HO,2,,No,No,VPNoBB,,20-04-13,06549-220525,Commissioned,dhn_6549220525@jkd.cctns.in,10.17.150.48,
DHN,Bokaro,Marafari CI,HO,2,,No,No,VPNoBB,,05-11-13,06542-248045,Commissioned,dhn_6542248045@jkd.cctns.in,10.17.150.42,
DHN,Bokaro,Chas Muffasil CI,HO,2,,No,No,VPNoBB,,29-05-13,06542-265100,Commissioned,dhn_6542265100@jkd.cctns.in,10.17.150.75,
DHN,Bokaro,Chandankiyari CI,HO,2,,No,No,VPNoBB,,30-05-13,06542-230701,Commissioned,dhn_6542230701@jkd.cctns.in,10.17.150.74,
DHN,Bokaro,Jaridih CI,HO,2,,No,No,VPNoBB,,27-05-13,06542-250060,Commissioned,dhn_6542250060@jkd.cctns.in,10.17.150.76,
DHN,Bokaro,Gomia CI,HO,2,,No,No,VPNoBB,,07-01-13,06549-230035,Commissioned,dhn_6549230035@jkd.cctns.in,10.17.150.83,
DHN,Bokaro,S.B office,HO,1,,No,No,VPNoBB,,09-05-12,06542-220181,Commissioned,bok_6542220181@jkd.cctns.in,10.17.150.3,
DHN,Bokaro,D.I.G. BOKARO,HO,2,800,Yes,No,LL/ 2 Mbps,,18-07-16,,Commissioned,,,
DHN,Bokaro,Dy SP(HQ),HO,2,800,Yes,No,P2P/UTP,,26-05-16,,Commissioned,,,
DHN,Bokaro,"JAP-4,Bokaro",HO,2,800,Yes,No,LL/ 2 Mbps,,16-06-16,,Commissioned,,,
DHN,Bokaro,Policeline,HO,2,800,Yes,No,LL/ 2 Mbps,,24-05-16,24-05-16,Commissioned,,,
DHN,Bokaro,District Control room,HO,2,800,Yes,No,LL/ 2 Mbps,,24-05-16,24-05-16,commissioned,,,
DHN,Bokaro,S P Office,HO,2,800,Na,Na,LL/ 2 Mbps,VPNODongal-JIO,23-05-16,,Commissioned,,,
JSR,Chaibasa,Tebo  ,PS,2,1900,Yes,No,Not Feasible,,,,Not Feasible,,,
JSR,Chaibasa,Gudri,PS,2,,No,No,Not Feasible,,,,Not Feasible,,,
JSR,Chaibasa,Noamundi CI,HO,2,,No,No,P2P/UTP,VPNODongal-JIO,26-07-13,,Commissioned,cctns_6596293839@jkd.cctns.in,10.11.88.218,
JSR,Chaibasa,S.B Office,HO,1,,No,No,VPNoBB,,17-10-12,06582-256013,Commissioned,cctns_6582256013@jkd.cctns.in,10.13.99.3,
JSR,Chaibasa,Dy SP HQ 1,HO,2,800,Yes,No,P2P/UTP,,18-10-16,,Commissioned,,,
JSR,Chaibasa,Kiriburu CI,HO,2,800,No,No,VPNODongal-JIO,,,,Commissioned,,,
JSR,Chaibasa,D.I.G Chaibasa,HO,2,800,Yes,No,LL/ 2 Mbps,,20-09-16,,Commissioned,,,
JSR,Chaibasa,Policeline,HO,2,800,Yes,No,LL/ 2 Mbps,,17-09-16,,Commissioned,,,
JSR,Chaibasa,District Control room,HO,2,800,Yes,No,LL/ 2 Mbps,,23-08-16,,Commissioned,,,
JSR,Chaibasa,Sadar CI,HO,2,,No,No,P2P/UTP,VPNODongal-JIO,,,Commissioned,,,
JSR,Chaibasa,Jhinkpani CI,HO,2,,No,No,VPNODongal-JIO,,,,Commissioned,,,
JSR,Chaibasa,Chakradharpur CI,HO,2,,No,No,P2P/UTP,VPNODongal-JIO,,,Commissioned,,,
JSR,Chaibasa,Manoharpur CI,HO,2,,No,No,VPNODongal-JIO,,,,Commissioned,,,
JSR,Chaibasa,S P Office,HO,2,,PTT,No,LL/ 2 Mbps,,06-04-13,,Commissioned,,,
HZB,Chatra,SDPO Tandwa,HO,2,800,No,No,VPNoBB,,25-04-13,06559-244276,Commissioned,vpn_tdw_ps1@jkd.cctns.in,10.11.88.109,
HZB,Chatra,S.B Office,HO,1,,No,No,VPNoBB,,09-05-12,06541-222356,Commissioned,cha_ds_sb@jkd.cctns.in,10.11.88.21,
HZB,Chatra,DSP/SDPO Simaria,HO,2,800,Yes,No,P2P/UTP,,14-07-16,,Commissioned,,,
HZB,Chatra,Pratappur CI,HO,2,,Yes,No,LL/ 2 Mbps,,08-08-16,,Commissioned,,,
HZB,Chatra,Simaria CI,HO,2,800,Yes,No,LL/ 2 Mbps,,13-06-16,,Commissioned,,,
HZB,Chatra,SDPO Chatra,HO,2,800,No,No,LL/ 2 Mbps,,17-06-16,,Commissioned,,,
HZB,Chatra,Policeline,HO,2,800,No,No,Not Feasible,,,,,,,
HZB,Chatra,District Control room,HO,2,800,Yes,No,LL/ 2 Mbps,,25-05-16,,Commissioned,,,
HZB,Chatra,S P Office,HO,2,,PTT,No,LL/ 2 Mbps,,06-04-16,,Commissioned,,,
HZB,Chatra,Sadar CI,HO,2,,No,No,P2P/UTP,,,,Commissioned,,,
DMK,Deoghar,Town CI,HO,2,,No,No,VPNoBB,,05-10-13,06432-232842,Commissioned,id6432232842_vpn@jkd.cctns.in,10.17.150.102,
DMK,Deoghar,Palajori CI,HO,2,,No,No,P2P/UTP,,06-10-13,,Commissioned,id6438229006_vpn@jkd.cctns.in,10.11.88.250,
DMK,Deoghar,S.B Office,HO,1,,No,No,VPNoBB,,14-09-12, 06432-237117,Commissioned,deo_ds_sb@jkd.cctns.in,10.17.150.15,
DMK,Deoghar,SDPO Deoghar,HO,2,800,Yes,No,LL/ 2 Mbps,,06-09-16,,Commissioned,,,
DMK,Deoghar,"JAP-5,Deoghar",HO,2,800,Yes,No,LL/ 2 Mbps,,06-11-16,,Commissioned,,,
DMK,Deoghar,Madhupur CI,HO,2,800,No,No,LL/ 2 Mbps,,06-10-16,,Commissioned,,,
DMK,Deoghar,Sadar CI,HO,2,800,No,No,Not Feasible,,,,,,,
DMK,Deoghar,Policeline,HO,2,800,No,No,Not Feasible,,,,,,,
DMK,Deoghar,District Control room,HO,2,800,Yes,No,LL/ 2 Mbps,,06-11-16,,Commissioned,,,
DMK,Deoghar,S P Office,HO,2,,PTT,No,LL/ 2 Mbps,,25-05-16,,Commissioned,,,
DHN,Dhanbad,Joraphokhar CI,HO,2,,Yes,No,P2P/UTP,,04-06-13,0326-2381402,Commissioned,dhn_3262381402@jkd.cctns.in,10.17.150.8,
DHN,Dhanbad,Nirsa CI,HO,2,,No,No,VPNoBB,,26-04-13,06540-275093,Commissioned,dhn_6540275093@jkd.cctns.in,10.17.150.64,
DHN,Dhanbad,Kenduadih  CI,HO,2,,No,No,VPNoBB,,04-10-13,0326-2330002,Commissioned,dhn_3262330002@jkd.cctns.in,10.17.150.34,
DHN,Dhanbad,Mahuda CI,HO,2,,No,No,VPNoBB,,13-04-13,0326-2271679,Commissioned,dhn_3262271679@jkd.cctns.in,10.17.150.32,
DHN,Dhanbad,Katras CI,HO,2,,Yes,No,P2P/UTP,,04-11-13,0326-2392100,Commissioned,dhn_3262392100@jkd.cctns.in,10.17.150.13,
DHN,Dhanbad,S.B Office,HO,1,,No,No,VPNoBB,,09-06-12,0326-2313193,Commissioned,dhn_3262313193@jkd.cctns.in,10.17.150.2,
DHN,Dhanbad,Rail CI,HO,2,,No,No,P2P/UTP,,25-07-13,0326-2220077,Commissioned,dhn_3262220077@jkd.cctns.in,10.17.150.84,
DHN,Dhanbad,"SDPO,Baghmara",HO,2,,No,No,VPNoBB,,06-01-13,0326-2372514,Commissioned,dhn_3262372514@jkd.cctns.in,10.17.150.77,
DHN,Dhanbad,Dy SP Law & Order,HO,2,800,Yes,No,P2P/UTP,,23-05-16,,Commissioned,,,
DHN,Dhanbad,Dy SP HQ 1,HO,2,800,Yes,No,P2P/UTP,,22-05-16,,Commissioned,,,
DHN,Dhanbad,Dy SP HQ 2,HO,2,800,Yes,No,P2P/UTP,,22-05-16,,Commissioned,,,
DHN,Dhanbad,"JAP-3,Dhanbad",HO,2,800,Yes,No,LL/ 2 Mbps,,27-05-16,,Commissioned,,,
DHN,Dhanbad,"S.P Rail, DHN",HO,2,800,Yes,No,LL/ 2 Mbps,,27-05-16,,Commissioned,,,
DHN,Dhanbad,Policeline,HO,2,,No,No,LL/ 2 Mbps,,28-05-16,,Commissioned,,,
DHN,Dhanbad,District Control room,HO,2,800,Yes,No,LL/ 2 Mbps,,28-05-16,,Commissioned,,,
DHN,Dhanbad,SDPO Sindri,HO,2,800,Yes,No,LL/ 2 Mbps,,30-05-16,,Commissioned,,,
DHN,Dhanbad,S P Office,HO,2,,PTT,Na,LL/ 8 Mbps,,24-05-16,,Commissioned,,,
DHN,Dhanbad,Bank More CI,HO,2,,Yes,No,P2P/UTP,,,,Commissioned,,,
DHN,Dhanbad,Sindri CI,HO,2,,Yes,No,P2P/UTP,,,,Commissioned,,,
DHN,Dhanbad,Govindpur CI,HO,2,,Yes,No,P2P/UTP,,,,Commissioned,,,
DHN,Dhanbad,Topchachi CI,HO,2,,No,No,P2P/UTP,,,,Commissioned,,,
DMK,Dumka,S.B Office,HO,1,,No,No,VPNoBB,,10-09-12, 06434-226034,Commissioned,dmk_ds_sb@jkd.cctns.in,10.122.66.135,
DMK,Dumka,Kathikund CI,HO,2,,No,No,P2P/UTP,,,,Commissioned,,,
DMK,Dumka,Basukinath CI,HO,2,,No,No,Not Feasible,,,,,id6431230569_vpn@jkd.cctns.in ,10.17.150.111,
DMK,Dumka,D.I.G Santhalpragna,HO,2,800,Yes,No,LL/ 2 Mbps,,06-10-16,,Commissioned,,,
DMK,Dumka,Dy SP HQ 2,HO,2,800,Yes,No,P2P/UTP,,25-08-16,,Commissioned,,,
DMK,Dumka,Dy SP HQ 1,HO,2,800,Yes,No,P2P/UTP,,25-08-16,,Commissioned,,,
DMK,Dumka,Sadar CI,HO,2,800,Yes,No,LL/ 2 Mbps,,27-08-16,,Commissioned,,,
DMK,Dumka,Policeline,HO,2,800,Yes,No,LL/ 2 Mbps,,16-06-16,,Commissioned,,,
DMK,Dumka,District Control room,HO,2,800,Yes,No,LL/ 2 Mbps,,13-06-16,,Commissioned,,,
DMK,Dumka,S P Office,HO,2,,PTT,Na,LL/ 8 Mbps,,24-05-16,,Commissioned,,,
DTJ,Garhwa,Chinia  ,PS,2,1900,Yes,Yes,VPNoDongle,,,,Commissioned,,,
DTJ,Garhwa,S.B Office,HO,1,,No,No,P2P/UTP,,17-09-12,06561-223038,Commissioned,gar_ds_sb@jkd.cctns.in,10.11.88.26,
DTJ,Garhwa,Policeline,HO,2,800,No,No,LL/ 2 Mbps,,16-06-16,,commissioned,,,
DTJ,Garhwa,District Control room,HO,2,800,Yes,No,LL/ 2 Mbps,,25-05-16,,commissioned,,,
DTJ,Garhwa,SDPO Nagar untari,HO,2,,No,No,VPNODongal-JIO,,,,commissioned,,,
DTJ,Garhwa,Bahanathpur CI,HO,2,,No,No,VPNODongal-JIO,,,,Commissioned,,,
DTJ,Garhwa,SDPO Garhwa,HO,2,800,Yes,No,LL/ 2 Mbps,,06-11-16,,commissioned,,,
DTJ,Garhwa,S P Office,HO,2,,PTT,Na,LL/ 2 Mbps,VPNODongal-JIO,25-05-16,,Commissioned,,,
DTJ,Garhwa,Garhwa CI,HO,2,,Yes,No,P2P/UTP,,,,Commissioned,,,
HZB,Giridih,Gawan CI,HO,2,,No,No,VPNoBB,,04-10-13,06556-234449,Commissioned,vpn_tisri_ps1@jkd.cctns.in,10.123.224.139,
HZB,Giridih,S.B Office,HO,1,,No,No,VPNoBB,,09-12-12,06532-229074,Commissioned,gir_ds_sb@jkd.cctns.in,10.123.224.157,
HZB,Giridih,Policeline,HO,2,800,Yes,No,LL/ 2 Mbps,,17-06-16,,commissioned,,,
HZB,Giridih,District Control room,HO,2,800,Yes,No,P2P/UTP,,07-01-16,,Commissioned,,,
HZB,Giridih,Dumri CI,HO,2,800,No,No,P2P/UTP,,26-08-16,,Commissioned,,,
HZB,Giridih,Gandey CI,HO,2,,No,No,P2P/UTP,,,,Commissioned,,,
HZB,Giridih,"S.D.P.O, Giridih",HO,2,,Yes,No,P2P/UTP,,18-06-16,,Commissioned,,,
HZB,Giridih,Jamua CI,HO,2,800,Yes,No,LL/ 2 Mbps,,19-07-16,,Commissioned,,,
HZB,Giridih,Sariya CI,HO,2,800,Yes,No,P2P/UTP,,17-08-16,,Commissioned,,,
HZB,Giridih,S P Office,HO,2,,PTT,Na,LL/ 2 Mbps,,28-05-16,,Commissioned,,,
HZB,Giridih,Sadar CI,HO,2,,No,No,P2P/UTP,,,,Commissioned,,,
DMK,Godda,Lalmatia  ,PS,2,1900,Yes,No,VPNODongal-JIO,,,,commissioned,,,
DMK,Godda,Poraiyahat CI ,HO,2,,No,No,VPNoBB,,15-05-13,06422-258445,Commissioned,id6422258445_vpn@jkd.cctns.in ,10.122.66.143,
DMK,Godda,S.B Office,HO,1,,No,No,VPNoBB,,13-09-12,06422-220021,Commissioned,gdd_ds_sb@jkd.cctns.in,10.122.66.144,
DMK,Godda,Mahagama CI ,HO,2,,No,No,VPNoBB,,21-05-13,06437-228740,Commissioned,id6437228740_vpn@jkd.cctns.in ,10.122.66.145,
DMK,Godda,Boarijore CI ,HO,2,,No,No,Not Feasible,,,,,,,
DMK,Godda,Meharma CI ,HO,2,,No,No,Not Feasible,,,,,,10.11.88.229,
DMK,Godda,Dy SP HQ,HO,2,800,Yes,No,P2P/UTP,,25-08-16,,Commissioned,,,
DMK,Godda,Gooda CI,HO,2,800,Yes,No,LL/ 2 Mbps,,29-08-16,,Commissioned,,,
DMK,Godda,Policeline,HO,2,800,No,No,VPNODongal-JIO,,,,Commissioned,,,
DMK,Godda,District Control room,HO,2,800,Yes,No,LL/ 2 Mbps,,25-08-16,,Commissioned,,,
DMK,Godda,SDPO Godda,HO,2,800,Yes,No,LL/ 2 Mbps,,25-08-16,,Commissioned,,,
DMK,Godda,SC/ST,PS,2,,,,P2P/UTP,,20.02.2020,,Commissioned,,,
DMK,Godda,S P Office,HO,2,,Na,Na,LL/ 2 Mbps,,27-05-16,,Commissioned,,,
RCH,Gumla,Jhari p.s,PS,2,1900+800,No,Yes,VPNODongal-JIO,,,,Commissioned,jhari_ps@jkd.cctns.in,10.11.88.125,
RCH,Gumla,Dumri ,PS,2,1900+800,Yes,Yes,VPNODongal-JIO,,,,Commissioned,raidih_ps@jkd.cctns.in,10.11.88.139,
RCH,Gumla,Gurdari ,PS,2,1900,Yes,Yes,Not Feasible,,,,Not Feasible,gurdari_ps@jkd.cctns.in,10.11.92.8,
RCH,Gumla,Chainpur CI,HO,2,,No,No,VPNoBB,,28-04-13,06535-274029,Commissioned,shainpur_ci@jkd.cctns.in,10.11.88.131,
RCH,Gumla,S.B Office,HO,1,,No,No,VPNoBB,,09-04-12, 06524-223132,Commissioned,rch_gum_sb@jkd.cctns.in,10.11.88.4,
RCH,Gumla,Gumla CI,HO,2,800,Yes,No,LL/ 2 Mbps,,16-06-16,,Commissioned,,,
RCH,Gumla,Policeline,HO,2,,No,No,Not Feasible,,,,,,,
RCH,Gumla,SDPO Gumla,HO,2,800,Yes,No,LL/ 2 Mbps,,06-06-16,,Commissioned,,,
RCH,Gumla,District Control room,HO,2,800,Yes,No,LL/ 2 Mbps,,21-07-16,,Commissioned,,,
RCH,Gumla,S P Office,HO,2,,PTT,Na,LL/ 2 Mbps,,24-05-16,,Commissioned,,,
HZB,Hazaribagh,"PTC, Hazaribagh",HO,1,2800,No,No,LL/ 2 Mbps,,25-05-16,,Commissioned,,,
HZB,Hazaribagh,S.B Office,HO,1,,No,No,VPNoBB,,09-10-12, 06546-272015,Commissioned,hzb_ds_sb@jkd.cctns.in,10.123.224.154,
HZB,Hazaribagh,Barkagaon CI,HO,2,,No,No,VPNoBB,,31-12-13,06551-283009,Commissioned,vpn_bar_ps@jkd.cctns.in,10.123.224.153,
HZB,Hazaribagh,D.I.G,HO,2,800,Yes,No,LL/ 2 Mbps,,07-11-16,,Commissioned,,,
HZB,Hazaribagh,Add. SP,HO,2,800,Yes,No,P2P/UTP,,17-08-16,,Commissioned,,,
HZB,Hazaribagh,DySP-1,HO,2,800,Yes,No,P2P/UTP,,16-08-16,,Commissioned,,,
HZB,Hazaribagh,DySP (PCR),HO,2,,Yes,No,P2P/UTP,,21-06-16,,Commissioned,,,
HZB,Hazaribagh,"JAP-7,Hazaribagh",HO,2,800,Yes,No,LL/ 2 Mbps,,19-08-16,,Commissioned,,,
HZB,Hazaribagh,JAPTC Padma,HO,2,800,Yes,No,LL/ 2 Mbps,,21-09-16,,Commissioned,,,
HZB,Hazaribagh,Policeline,HO,2,800,Yes,No,LL/ 2 Mbps,,13-07-16,,Commissioned,,,
HZB,Hazaribagh,District Control room,HO,2,800,Yes,No,LL/ 2 Mbps,,29-05-16,,Commissioned,,,
HZB,Hazaribagh,"SDPO, Barhi",HO,2,800,Yes,No,LL/ 2 Mbps,,13-06-16,,Commissioned,,,
HZB,Hazaribagh,Barhi CI,HO,2,800,Yes,No,P2P/UTP,,20-08-16,,Commissioned,,,
HZB,Hazaribagh,Vishnugarh-1 CI,HO,2,,No,No,P2P/UTP,,30-08-16,,Commissioned,,,
HZB,Hazaribagh,S P Office,HO,2,,PTT,Na,LL/ 8 Mbps,,24-05-16,,Commissioned,,,
HZB,Hazaribagh,Sadar CI,HO,2,,No,,P2P/UTP,,,,Commissioned,,,
JSR,Jamshedpur,S.B Office,HO,1,,No,No,VPNoBB,,09-05-12,0657-2430033,Commissioned,cctns_6572430033@jkd.cctns.in,10.13.99.2,
JSR,Jamshedpur,Bhahragora CI,HO,2,,No,No,VPNoBB,,05-09-13,06591-233335,Commissioned,cctns_6591233335@jkd.cctns.in,10.13.99.24,
JSR,Jamshedpur,Kadma CI,HO,2,,No,No,VPNoBB,,20-05-13,0657-2220512,Commissioned,cctns_6572220512@jkd.cctns.in,10.13.99.31,
JSR,Jamshedpur,Dhalbhumgarh CI,HO,2,,No,No,VPNoBB,,07-08-13,06585-235030,Commissioned,cctns_6585235030@jkd.cctns.in,10.13.99.47,
JSR,Jamshedpur,Patamda CI,HO,2,,No,No,VPNoBB,,06-04-13,0657-2755311,Commissioned,cctns_6572755311@jkd.cctns.in,10.13.99.41,
JSR,Jamshedpur,Jadugora CI,HO,2,,No,No,VPNoBB,,06-05-13,0657-2730029,Commissioned,cctns_6572730029@jkd.cctns.in,10.13.99.32,
JSR,Jamshedpur,Bagbera CI,HO,2,,No,No,VPNoBB,,20-09-13,0657-2296255,Commissioned,cctns_6572296255@jkd.cctns.in,10.13.99.51,
JSR,Jamshedpur,MGM CI,HO,2,,No,No,VPNoBB,,22-08-13,0657-2360021,Commissioned,cctns_6572360021@jkd.cctns.in,10.13.99.50,
JSR,Jamshedpur,Musabani CI,HO,2,,No,No,VPNoBB,,30-05-13,06585-275748,Commissioned,cctns_6585275748@jkd.cctns.in,10.13.99.43,
JSR,Jamshedpur,Dy. SP Patamda,HO,2,800,Yes,No,LL/ 2 Mbps,,20-06-16,,Commissioned,,,
JSR,Jamshedpur,SP CITY,HO,2,800,Yes,No,P2P/UTP,,25-05-16,,Commissioned,,,
JSR,Jamshedpur,SP RURAL,HO,2,800,Yes,No,P2P/UTP,,25-05-16,,Commissioned,,,
JSR,Jamshedpur,Dy SP HQ 2,HO,2,800,Yes,No,P2P/UTP,,25-05-16,,Commissioned,,,
JSR,Jamshedpur,Dy SP City,HO,2,800,Yes,No,LL/ 2 Mbps,,06-02-16,,Commissioned,,,
JSR,Jamshedpur,Dy SP Law & Order,HO,2,800,No,No,P2P/UTP,,26-05-16,,Commissioned,,,
JSR,Jamshedpur,Dy SP Ghatsila,HO,2,800,No,No,Not Feasible,,,,,,,
JSR,Jamshedpur,"Jap-6, Jamshedpur",HO,2,800,Yes,No,LL/ 2 Mbps,,13-08-16,,Commissioned,,,
JSR,Jamshedpur,Dy. SP Mussabani,HO,2,800,Yes,No,LL/ 2 Mbps,,28-08-16,,Commissioned,,,
JSR,Jamshedpur,Traffic Taining School,HO,2,800,Yes,No,LL/ 2 Mbps,,09-02-16,,Commissioned,,,
JSR,Jamshedpur,"S.P Rail, JSR",HO,2,800,Yes,No,LL/ 2 Mbps,,08-02-16,,Commissioned,,,
JSR,Jamshedpur,Policeline,HO,2,800,No,No,LL/ 2 Mbps,,25-08-16,,Commissioned,,,
JSR,Jamshedpur,District Control room,HO,2,800,Yes,No,LL/ 2 Mbps,,26-05-16,,Commissioned,,,
JSR,Jamshedpur,Ghatsila CI,HO,2,800,No,No,Not Feasible,,,,,,,
JSR,Jamshedpur,Telco CI,HO,2,800,Yes,No,LL/ 2 Mbps,,26-05-16,,Commissioned,,,
JSR,Jamshedpur,Sidgora CI,HO,2,800,Yes,No,P2P/UTP,,24-08-16,,Commissioned,,,
JSR,Jamshedpur,S P Office,HO,2,800,Na,Na,LL/ 8 Mbps,,24-05-16,,Commissioned,,,
DMK,Jamtara,Nala CI,HO,2,,No,No,VPNoBB,,16-05-13,06428-229564,Commissioned,id6428229564_vpn@jkd.cctns.in ,10.122.66.139,
DMK,Jamtara,S.B Office,HO,1,,No,No,VPNoBB,,17-09-12,06433-222113,Commissioned,jtr_ds_sb@jkd.cctns.in,10.122.66.141,
DMK,Jamtara,Jamtara CI,HO,2,800,No,No,LL/ 2 Mbps,,24-08-16,,Commissioned,,,
DMK,Jamtara,SDPO Jamtara,HO,2,800,Yes,No,LL/ 2 Mbps,,20-08-16,,Commissioned,,,
DMK,Jamtara,Policeline,HO,2,800,Yes,No,P2P/UTP,,27-08-16,,Commissioned,,,
DMK,Jamtara,District Control room,HO,2,800,Yes,No,LL/ 2 Mbps,,26-08-16,,Commissioned,,,
DMK,Jamtara,S P Office,HO,2,,PTT,Na,LL/ 2 Mbps,,24-05-16,,Commissioned,,,
RCH,Khunti,S.B Office,HO,1,,No,No,P2P/UTP,,15-10-12,06528-221519,Commissioned,rch_khu_sb@jkd.cctns.in,10.11.88.5,
RCH,Khunti,Torpa CI,HO,1,,No,No,VPNoBB,,19-10-12,06538-233032,Commissioned,rch_top_sb1@jkd.cctns.in,10.11.88.37,
RCH,Khunti,S.D.P.O  Khunti,HO,1,800,Yes,No,LL/ 2 Mbps,,31-12-12,06528-222003,Commissioned,rch_khu_sdpo@jkd.cctns.in,10.11.88.69,
RCH,Khunti,Police Line,HO,1,1900,No,No,Not Feasible,,,,,,,
RCH,Khunti,Khunti CI,HO,1,800,Yes,No,LL/ 2 Mbps,,16-06-16,,Commissioned,,,
RCH,Khunti,District Control room,HO,2,800,Yes,No,LL/ 2 Mbps,,16-06-16,,Commissioned,,,
RCH,Khunti,S P Office,HO,2,,PTT,Na,LL/ 5 Mbps,,24-05-16,,Commissioned,,,
HZB,Koderma,Mica CI,HO,2,,No,No,VPNoBB,,05-03-13,06534-252968,Commissioned,vpn_kdm_ps@jkd.cctns.in,10.11.88.112,
HZB,Koderma,S.B Office,HO,1,,No,No,VPNoBB,,19-09-12,06534-227293,Commissioned,haz_ds_sb@jkd.cctns.in,10.123.224.155,
HZB,Koderma,Koderma CI,HO,2,800,No,No,P2P/UTP,,06-10-16,,Commissioned,,,
HZB,Koderma,Policeline,HO,2,800,Yes,No,LL/ 2 Mbps,,28-06-16,,Commissioned,,,Vani ji
HZB,Koderma,SDPO Koderma,HO,2,800,Yes,No,LL/ 2 Mbps,,13-06-16,,Commissioned,,,
HZB,Koderma,District Control room,HO,2,800,Yes,No,LL/ 2 Mbps,,15-06-16,,Commissioned,,,
HZB,Koderma,S P Office,HO,2,,PTT,Na,LL/ 2 Mbps,,26-05-16,,Commissioned,,,
DTJ,Latehar,Harhanj  ,PS,2,1900,Yes,Yes,VPNODongal-JIO,,,,Commissioned,,,
DTJ,Latehar,S.B Office,HO,1,,No,No,P2P/UTP,,09-12-12,06565-247318,Commissioned,ltr_ds_ds@jkd.cctns.in,10.11.88.27,
DTJ,Latehar,SDPO Latehar,HO,2,800,Yes,No,P2P/UTP,,30-07-16,,commissioned,,,
DTJ,Latehar,Balumath CI,HO,2,,No,No,P2P/UTP,,,,Commissioned,,,
DTJ,Latehar,Policeline,HO,2,800,No,No,VPNODongal-JIO,,,,commissioned,,,
DTJ,Latehar,District Control room,HO,2,800,Yes,No,LL/ 2 Mbps,,07-11-16,,Commissioned,,,
DTJ,Latehar,S P Office,HO,2,,Na,Na,LL/ 2 Mbps,,25-05-16,,Commissioned,,,
DTJ,Latehar,Latehar CI,HO,2,800,No,No,LL/ 2 Mbps,,07-11-16,,Commissioned,,,
RCH,Lohardaga,Lohardaga CI,HO,2,,No,No,VPNoBB,,04-05-13,06526-222035,Commissioned,rch_loh2_ps@jkd.cctns.in,10.11.88.85,
RCH,Lohardaga,Kisko CI,HO,2,,No,No,VPNoBB,,21-05-13,06526-276200,Commissioned,rch_kis_ps@jkd.cctns.in,10.11.88.87,
RCH,Lohardaga,S.B Office,HO,1,,No,No,P2P/UTP,,18-09-12, 06526-224143,Commissioned,rch_loh_sb@jkd.cctns.in,10.11.88.2,
RCH,Lohardaga,Dy SP HQ,HO,2,800,Yes,No,P2P/UTP,,15-06-16,,Commissioned,,,
RCH,Lohardaga,SDPO Lohardaga,HO,2,800,Yes,No,LL/ 2 Mbps,,14-06-16,,Commissioned,,,
RCH,Lohardaga,"JWS,Netarhat",HO,2,1900,No,No,Not Feasible,,,,,jwsnetarhat_ps@jkd.cctns.in,10.11.92.10,
RCH,Lohardaga,Policeline,HO,2,800,No,No,Not Feasible,,,,,,,
RCH,Lohardaga,District Control room,HO,2,800,Yes,No,LL/ 2 Mbps,,21-11-16,,Commissioned,,,
RCH,Lohardaga,S P Office,HO,2,,PTT,Na,LL/ 2 Mbps,,24-05-16,,Commissioned,,,
DMK,Pakur,S.B Office,HO,1,,No,No,VPNoBB,,17-09-12,06435-221299,Commissioned,pkr_ds_sb@jkd.cctns.in,10.122.66.137,
DMK,Pakur,Amrapara CI ,HO,2,,No,No,Not Feasible,,,,,,,
DMK,Pakur,DSP HQ,HO,2,800,Yes,No,P2P/UTP,,24-08-16,,Commissioned,,,
DMK,Pakur,SDPO Pakur,HO,2,800,Yes,No,LL/ 2 Mbps,,13-06-16,,Commissioned,,,
DMK,Pakur,Pakur CI,HO,2,800,Yes,No,LL/ 2 Mbps,,29-09-16,,Commissioned,,,
DMK,Pakur,Policeline,HO,2,,No,No,Not Feasible,,,,,,,
DMK,Pakur,District Control room,HO,2,800,Yes,No,LL/ 2 Mbps,,24-08-16,,Commissioned,,,
DMK,Pakur,S P Office,HO,2,,Na,Na,LL/ 2 Mbps,,26-05-16,,Commissioned,,,
DTJ,Palamau,SDPO Hussainabad,HO,2,,No,No,VPNoBB,,06-05-13,,Commissioned,,,
DTJ,Palamau,Chatterpur CI,HO,2,,No,No,VPNoBB,,06-05-13,,Commissioned,,,
DTJ,Palamau,SDPO Chattarpur,HO,2,,No,No,VPNoBB,,24-06-13,06566-215202,Commissioned,id6566215202_chtst@jkd.cctns.in,,
DTJ,Palamau,S.B Office,HO,1,,No,No,VPNoBB,,09-03-12,06562-240002,Commissioned,pal_ds_sb@jkd.cctns.in,10.11.88.25,
DTJ,Palamau,Hussainabad  CI,HO,2,,No,No,VPNoBB,,06-03-13,06566-222027,Commissioned,id6566222012_jplth@jkd.cctns.in,10.11.88.252,
DTJ,Palamau,Pandu CI,HO,2,,No,No,VPNODongal-JIO,,09-02-13,,Commissioned,id6584279103_pndps@jkd.cctns.in,,
DTJ,Palamau,Terhasi CI,HO,2,,No,No,VPNODongal-JIO,,14-05-13,,Commissioned,,,
DTJ,Palamau,D.I.G,HO,2,800,Yes,No,LL/ 2 Mbps,,29-12-19,,Commissioned,,,
DTJ,Palamau,Dy SP HQ 1,HO,2,,Yes,No,P2P/UTP,,25-07-16,,Commissioned,,,
DTJ,Palamau,Dy SP HQ 2,HO,2,800,Yes,No,LL/ 2 Mbps,,30-07-16,,Commissioned,,,
DTJ,Palamau,"JAP-8,Palamau",HO,2,800,Yes,No,LL/ 2 Mbps,,,,Commissioned,,,
DTJ,Palamau,Town CI,HO,2,800,Yes,No,LL/ 2 Mbps,,22-08-16,,Commissioned,,,
DTJ,Palamau,Sadar CI,HO,2,800,Yes,No,LL/ 2 Mbps,,22-08-16,,Commissioned,,,
DTJ,Palamau,Policeline,HO,2,800,Yes,No,LL/ 2 Mbps,,22-08-16,,Commissioned,,,
DTJ,Palamau,District Control room,HO,2,800,Yes,No,LL/ 2 Mbps,,24-06-16,,Commissioned,,,
DTJ,Palamau,S P Office,HO,2,,Agent,Na,LL/ 8 Mbps,VPNODongal-JIO,06-04-13,,Commissioned,,,
RCH,PHQ,PHQ - NIC-100 Mbps,HO,1,ASR-1000,Na,Na,LL-100 Mbps,,11-01-12,,Commissioned,,,
RCH,PHQ,PHQ-34 Mb MPLS ,HO,1,ASR-1000,Na,Na,MPLS-34 Mbps,,09-01-12,,Commissioned,,,
RCH,PHQ,PHQ -NKN,HO,1,ASR-1000,Na,Na,NKN-1 Gbps,,28-12-12,,Commissioned,,,
RCH,PHQ,PHQ-Airtel,HO,1,ASR-1000,Na,Na,NKN-100 Mbps,,,,Commissioned,,,
RCH,PHQ,"ADG, CID",HO,1,800+2800,Yes,,LL/ 8 Mbps,,27-05-16,,Commissioned,,,
HZB,Ramgarh,S.B Office,HO,1,,No,No,VPNoBB,VPNODongal-JIO,10-10-12,06553-221006,Commissioned,ram_ds_sb@jkd.cctns.in,10.11.88.18,
HZB,Ramgarh,Patratu CI,HO,2,800,Yes,No,LL/ 2 Mbps,,28-09-16,,Commissioned,,,
HZB,Ramgarh,Policeline,HO,2,800,Yes,No,LL/ 2 Mbps,,14-09-16,,Commissioned,,,
HZB,Ramgarh,District Control room,HO,2,800,Yes,No,LL/ 2 Mbps,,16-09-16,,Commissioned,,,
HZB,Ramgarh,SDPO Ramgarh,HO,2,800,No,No,LL/ 2 Mbps,,09-09-16,,Commissioned,,,
HZB,Ramgarh,S P Office,HO,2,,PTT,Na,LL/ 5 Mbps,,24-05-16,,Commissioned,,,
HZB,Ramgarh,Mandu CI,HO,2,,No,No,P2P/UTP,,,,Commissioned,,,
RCH,Ranchi,Dy. SP Hatia,HO,1,800,Yes,No,LL/ 2 Mbps,,25-05-16,,Commissioned,,,
RCH,Ranchi,Dy. SP Silli,HO,1,800,No,No,P2P/UTP,,16-04-16,,Commissioned,,,
RCH,Ranchi,"IG, STF",HO,1,800,No,No,LL/ 2 Mbps,,25-05-16,,Commissioned,,,
RCH,Ranchi,Bero CI,HO,1,,No,No,P2P/UTP,,,,Commissioned,,,
RCH,Ranchi,Bundu CI,HO,1,,No,No,P2P/UTP,,,,Commissioned,,,
RCH,Ranchi,Dy. SP City,HO,1,,Yes,No,P2P/UTP,,29-07-15,,commissioned,,,
RCH,Ranchi,Sadar East CI,HO,1,,No,No,P2P/UTP,,,,Commissioned,,,
RCH,Ranchi,Sadar West CI,HO,1,,Yes,No,P2P/UTP,,,,Commissioned,,,
RCH,Ranchi,Dy. SP HQ1,HO,1,,Yes,No,P2P/UTP,,29-07-15,,Commissioned,,,
RCH,Ranchi,Dy. SP HQ2,HO,1,,Yes,No,P2P/UTP,,29-07-15,,Commissioned,,,
RCH,Ranchi,Namkum CI,HO,1,,No,No,P2P/UTP,,,,Commissioned,,,
RCH,Ranchi,Lalpur CI,HO,1,,No,No,P2P/UTP,,,,Commissioned,,,
RCH,Ranchi,Mander Anchal CI,HO,1,,Yes,No,P2P/UTP,,,,Commissioned,,,
RCH,Ranchi,Dy. SP Kotwali,HO,2,,Yes,No,P2P/UTP,,,,Commissioned,,,
RCH,Ranchi,SP Rural,HO,1,,Yes,No,P2P/UTP,,13-05-13,,Commissioned,,,
RCH,Ranchi,S.P City,HO,1,,Yes,No,P2P/UTP,,13-05-13,,Commissioned,,,
RCH,Ranchi,S.P. Wireless,HO,1,,Yes,,P2P/UTP,,22-04-13,,Commissioned,,,
RCH,Ranchi,Town East CI,HO,1,,No,No,P2P/UTP,,28-12-12,,Commissioned,,,
RCH,Ranchi,"ADG, Rail",HO,1,,Yes,,P2P/UTP,,04-11-13,,Commissioned,,,
RCH,Ranchi,"ADG, Vigilance",HO,1,800,Yes,,LL/ 2 Mbps,,27-05-16,,Commissioned,,,
RCH,Ranchi,Central Store,HO,1,1900+800,Yes,No,LL/ 2 Mbps,,29-05-16,,Commissioned,,,
RCH,Ranchi,D.G Homeguard,HO,1,800,Yes,No,LL/ 2 Mbps,,30-05-16,,Commissioned,,,
RCH,Ranchi,Dy. SP Khelari,HO,1,1900+800,Yes,No,LL/ 2 Mbps,,06-01-16,,Commissioned,,,
RCH,Ranchi,"Jail, Hotwar",HO,1,1900,No,No,VPNoBB,,02-05-13,0651-2270081,Commissioned,rch_jail_supdt@jkd.cctns.in,10.11.88.81,
RCH,Ranchi,"JAP-1, Doranda",HO,1,,No,No,VPNoBB,,17-01-13,0651-2482075,Commissioned,rch_mec_jap1@jkd.cctns.in,10.11.88.78,
RCH,Ranchi,"JAP-10, Hotwar",HO,1,1900,No,No,VPNoBB,,02-12-13,0651-2270080,Commissioned,commandant_jap10@jkd.cctns.in,10.11.88.82,
RCH,Ranchi,Police Line,HO,1,1900+800,Yes,No,LL/ 2 Mbps,,17-01-13,0651-2282106,Commissioned,rch_rtu_sargent@jkd.cctns.in,10.11.88.79,
RCH,Ranchi,SCRB,HO,1,1900+800,Yes,No,P2P/UTP,,06-03-16,,Commissioned,,,
RCH,Ranchi,SFSL,HO,1,1900+800,Yes,No,LL/ 2 Mbps,,06-03-16,,Commissioned,,,
RCH,Ranchi,Traffic PS,HO,1,800,Yes,No,P2P/UTP,,06-06-16,0651-2214024,Commissioned,rch_ran_traffic@jkd.cctns.in,10.11.88.80,
RCH,Ranchi,"CO JAP-2,Tatisilwai",HO,2,800,Yes,No,P2P/UTP,,16-04-16,,Commissioned,,,
RCH,Ranchi,"HQRT, Ranchi",HO,2,800,Yes,No,LL/ 2 Mbps,,06-06-16,,Commissioned,,,
RCH,Ranchi,District Control room,HO,2,800,Yes,No,LL/ 2 Mbps,,06-06-16,,Commissioned,,,
RCH,Ranchi,"DIG, Chhotanagpur",HO,2,,Yes,No,LL/ 2 Mbps,,,,Commissioned,,,
RCH,Ranchi,S.B Rural,HO,1,,No,No,VPNoBB,,09-03-12, 0651-2401470,Commissioned,rch_ran_sbrul@jkd.cctns.in,10.11.88.7,
RCH,Ranchi,S.B Town,HO,1,,No,No,VPNoBB,,09-04-12, 0651-2215093,Commissioned,rch_ran_sbtwn@jkd.cctns.in,10.11.88.3,
RCH,Ranchi,S.B Training Centre,HO,1,800,Yes,No,LL/ 2 Mbps,,05-06-16,,Commissioned,,,
RCH,Ranchi,S.P Traffic,HO,1,800,Yes,No,LL/ 2 Mbps,,06-06-16,,Commissioned,,,
RCH,Ranchi,S P Office,HO,1,ASR-1000,Yes,No,LL/ 8 Mbps,,25-05-16,,Commissioned,,,
DMK,Sahibganj,S.B Office,HO,1,,No,NO,VPNoBB,,13-09-12,06436-222171,Commissioned,sbj_ds_sb@jkd.cctns.in,10.122.66.147,
DMK,Sahibganj,Sahibganj CI,HO,2,,No,NO,VPNoBB,,25-04-13,06436-222998,Commissioned,id6436222998_vpn@jkd.cctns.in,10.122.66.148,
DMK,Sahibganj,Barhet CI (Boria CI),HO,2,,No,No,P2P/UTP,,,,Commissioned,,,
DMK,Sahibganj,SDPO Dy. SP ,HO,2,800,Yes,No,LL/ 2 Mbps,,06-11-16,,Commissioned,,,
DMK,Sahibganj,SDPO Rajmahal,HO,2,800,Yes,No,LL/ 2 Mbps,,26-05-16,,Commissioned,,,
DMK,Sahibganj,"JAP-9,Sahibganj",HO,2,800,Yes,No,LL/ 2 Mbps,,06-11-16,,Commissioned,,,
DMK,Sahibganj,Rajmahal CI,HO,2,800,Yes,No,LL/ 2 Mbps,,20-07-16,,Commissioned,,,
DMK,Sahibganj,Policeline,HO,2,800,Yes,No,LL/ 2 Mbps,,06-11-16,,Commissioned,,,
DMK,Sahibganj,District Control room,HO,2,800,Yes,No,LL/ 2 Mbps,,25-08-16,,Commissioned,,,
DMK,Sahibganj,S P Office,HO,2,,PTT,No,LL/ 2 Mbps,,27-05-16,,Commissioned,,,
JSR,Saraikela,S.B Office,HO,1,,No,No,VPNoBB,,09-04-12, 06597-234119,Commissioned,cctns_6597234119@jkd.cctns.in,10.13.99.4,
JSR,Saraikela,Adityapur CI ,HO,2,800,No,No,VPNoBB,,16-04-13,0657-2372221,Commissioned,cctns_6572372221@jkd.cctns.in,10.13.99.12,
JSR,Saraikela,Chandil CI ,HO,2,,No,No,VPNoBB,,27-04-13,06591-234811,Commissioned,cctns_6591236811@jkd.cctns.in,10.13.99.14,
JSR,Saraikela,Policeline,HO,2,800,No,No,Not Feasible,,,,,,,
JSR,Saraikela,"SDPO, Saraikela",HO,2,800,Yes,No,P2P/UTP,,23-06-16,,Commissioned,,,
JSR,Saraikela,District Control room,HO,2,800,Yes,No,LL/ 2 Mbps,,07-08-16,,Commissioned,,,
JSR,Saraikela,S P Office,HO,2,,PTT,No,LL/ 2 Mbps,VPNODongal-JIO,25-05-16,,Commissioned,,,
RCH,Simdega,Basia CI,HO,2,800,No,No,Not Feasible,,,,,basia_ci@jkd.cctns.in,10.11.88.135,
RCH,Simdega,S.B Office,HO,1,,No,No,VPNoBB,,09-04-12, 06525-225115,Commissioned,rch_sim_sb@jkd.cctns.in,10.11.88.6,
RCH,Simdega,Bano CI,HO,2,800,Yes,No,LL/ 2 Mbps,,01-03-17,,Commissioned,,,
RCH,Simdega,Simdega CI,HO,2,800,No,No,LL/ 2 Mbps,,07-04-16,,Commissioned,,,
RCH,Simdega,SDPO Simdega,HO,2,800,Yes,No,LL/ 2 Mbps,,07-04-16,,Commissioned,,,
RCH,Simdega,Policeline,HO,2,800,No,No,LL/ 2 Mbps,,07-05-16,,Commissioned,,,
RCH,Simdega,District Control room,HO,2,800,Yes,No,LL/ 2 Mbps,,07-08-16,,Commissioned,,,
RCH,Simdega,S P Office,HO,2,,PTT,No,LL/ 2 Mbps,,24-05-16,,Commissioned,,,
,,,,,,,,,,,,,,,
,,,,,,,,,,,,,,,
,,,,,,,,,,,,,,,
,,,,,,,,,,,,,,,
,,,,,,,,,,,,,,,
,,,,,,,,,,,,,,,
,,,,,,,,,,,,,,,
,,,,,,,,,,,,,,,
,,,,,,,,,,,,,,,
,,,,,,,,,,,,,,,
,,,,,,,,,,,,,,,
,,,,,,,,,,,,,,,
,,,,,,,,,,,,,,,
,,,,,,,,,,,,,,,
,,,,,,,,,,,,,,,
,,,,,,,,,,,,,,,
,,,,,,,,,,,,,,,
,,,,,,,,,,,,,,,
,,,,,,,,,,,,,,,
,,,,,,,,,,,,,,,
,,,,,,,,,,,,,,,
,,,,,,,,,,,,,,,
,,,,,,,,,,,,,,,
,,,,,,,,,,,,,,,
,,,,,,,,,,,,,,,
,,,,,,,,,,,,,,,
,,,,,,,,,,,,,,,
,,,,,,,,,,,,,,,
,,,,,,,,,,,,,,,
,,,,,,,,,,,,,,,
,,,,,,,,,,,,,,,
,,,,,,,,,,,,,,,
,,,,,,,,,,,,,,,
,,,,,,,,,,,,,,,
,,,,,,,,,,,,,,,
,,,,,,,,,,,,,,,
,,,,,,,,,,,,,,,
,,,,,,,,,,,,,,,
,,,,,,,,,,,,,,,
,,,,,,,,,,,,,,,
,,,,,,,,,,,,,,,
,,,,,,,,,,,,,,,
,,,,,,,,,,,,,,,
,,,,,,,,,,,,,,,
,,,,,,,,,,,,,,,
,,,,,,,,,,,,,,,
,,,,,,,,,,,,,,,
,,,,,,,,,,,,,,,
,,,,,,,,,,,,,,,
,,,,,,,,,,,,,,,
,,,,,,,,,,,,,,,
,,,,,,,,,,,,,,,
,,,,,,,,,,,,,,,
,,,,,,,,,,,,,,,
,,,,,,,,,,,,,,,
,,,,,,,,,,,,,,,
,,,,,,,,,,,,,,,
,,,,,,,,,,,,,,,
,,,,,,,,,,,,,,,
,,,,,,,,,,,,,,,
,,,,,,,,,,,,,,,
,,,,,,,,,,,,,,,
,,,,,,,,,,,,,,,
,,,,,,,,,,,,,,,
,,,,,,,,,,,,,,,
,,,,,,,,,,,,,,,
,,,,,,,,,,,,,,,
,,,,,,,,,,,,,,,
,,,,,,,,,,,,,,,
,,,,,,,,,,,,,,,
,,,,,,,,,,,,,,,Under Bano PS
